part,old_vendor,old_product,new_vendor,new_product,source
a,100plus,101eip,hundredplus,101eip,auto
a,3d_flipbook_project,3d_flipbook,3dflipbook,3d_flipbook,auto
a,7-zip,7zip,7-zip,7-zip,auto
a,abb,asset_suite,hitachienergy,asset_suite,auto
a,abb,ellipse,hitachienergy,ellipse,auto
a,abb,ellipse_enterprise_asset_management,hitachienergy,ellipse_enterprise_asset_management,auto
a,abb,esoms,hitachienergy,esoms,auto
a,abb,microscada_pro_sys600,hitachienergy,microscada_pro_sys600,auto
a,ac_repair_and_services_system_project,ac_repair_and_services_system,oretnom23,ac_repair_and_services_system,auto
a,accunetix,web_vulnerability_scanner,acunetix,web_vulnerability_scanner,auto
a,acf_photo_gallery_field_project,acf_photo_gallery_field,navz,acf_photo_gallery_field,auto
a,activity_log_project,activity_log,pojo,activity_log,auto
a,adguard-dns,adguard_dns,adguard,adguard_dns,auto
a,adplug,adplug,adplug_project,adplug,auto
a,advanced_access_manager_project,advanced_access_manager,vasyltech,advanced_access_manager,auto
a,advanced_category_template_project,advanced_category_template,praveengoswami,advanced_category_template,auto
a,advanced_online_voting_system_project,advanced_online_voting_system,campcodes,advanced_online_voting_system,auto
a,advisto,peel_shopping,peel,peel_shopping,auto
a,agilebits,1password,1password,1password,auto
a,aiohttp-session_project,aiohttp-session,aio-libs,aiohttp_session,auto
a,aiohttp_project,aiohttp,aiohttp,aiohttp,auto
a,airsonic,airsonic,airsonic_project,airsonic,auto
a,ait-pro,bulletproof-security,ait-pro,bulletproof_security,auto
a,ajax_search_project,ajax_search,wp-dreams,ajax_search,auto
a,akashmalik,scratch_\&_win,appsmav,scratch_\&_win,auto
a,alist_project,alist,alistgo,alist,auto
a,allendisk_project,allendisk,allen_disk_project,allen_disk,auto
a,altools,alzip,estsoft,alzip,auto
a,amadercodelab,acl_floating_cart_for_woocommerce,amadercode,acl_floating_cart_for_woocommerce,auto
a,amazon,aws-lambda,amazon,aws_lambda,auto
a,amr_users_project,amr_users,anmari,amr_users,auto
a,angrydonuts,ctools,chaos_tool_suite_project,ctools,auto
a,angularjs,angular,angular,angular,auto
a,anujkumar,maid_hiring_management_system,phpgurukul,maid_hiring_management_system,auto
a,anujkumar,online_nurse_hiring_system,phpgurukul,online_nurse_hiring_system,auto
a,apache,commons-compress,apache,commons_compress,auto
a,apache,commons-jelly,apache,commons_jelly,auto
a,apache,open_office,apache,openoffice,auto
a,apache_friends,xampp,apachefriends,xampp,auto
a,appneta,tcpreplay,broadcom,tcpreplay,auto
a,appnitro,machform,machform,machform,auto
a,arcinformatique,frontvue,arcinfo,frontvue,auto
a,arcinformatique,pcvue,arcinfo,pcvue,auto
a,arcinformatique,plantvue,arcinfo,plantvue,auto
a,argo_workflows_project,argo_workflows,argoproj,argo_workflows,auto
a,ariadne-cms,ariadne,muze,ariadne,auto
a,arisoft,ari_stream_quiz,ari-soft,ari_stream_quiz,auto
a,arm,bifrost,xbifrost,bifrost,auto
a,artica-proxy,artica_proxy,articatech,artica_proxy,auto
a,ashstonestudios,absolute_reviews,codesupply,absolute_reviews,auto
a,askapplications,fromdoctopdf,iac,fromdoctopdf,auto
a,asterisk,open_source,digium,open_source,auto
a,astro,vercel,vercel,vercel,auto
a,aswf,openexr,openexr,openexr,auto
a,async-h1_project,async-h1,rust-lang,async-h1,auto
a,audacity,audacity,audacityteam,audacity,auto
a,auto\/taxi_stand_management_system_project,auto\/taxi_stand_management_system,phpgurukul,auto\/taxi_stand_management_system,auto
a,autoaffiliatelinks,auto_affiliate_links,flamescorpion,auto_affiliate_links,auto
a,avas\!t,avast\!_mobile_security,avast,avast\!_mobile_security,auto
a,avaya,vpnmanager,perfect-privacy,vpn_manager,auto
a,axmlrpc_project,axmlrpc,gturri,axmlrpc,auto
a,baby_care_system_project,baby_care_system,janobe,baby_care_system,auto
a,backstage,backstage,linuxfoundation,backstage,auto
a,bank_locker_management_system_project,bank_locker_management_system,phpgurukul,bank_locker_management_system,auto
a,banking_system_project,banking_system,oretnom23,banking_system,auto
a,barracuda,yosemite_server_backup,barracudanetworks,yosemite_server_backup,auto
a,bea,weblogic_portal,oracle,weblogic_portal,auto
a,bearftp_project,bearftp,iktm,bearftp,auto
a,beekeeperstudio,beekeeper_studio,beekeeperstudio,beekeeper-studio,auto
a,best_online_news_portal_project,best_online_news_portal,mayurik,best_online_news_portal,auto
a,best_pos_management_system_project,best_pos_management_system,mayurik,best_pos_management_system,auto
a,biborb_project,biborb,guillaumegardey,biborb,auto
a,bishopfox,immuta,immuta,immuta,auto
a,bitcoincore,bitcoin_core,bitcoin,bitcoin_core,auto
a,blog2social,blog2social,adenion,blog2social,auto
a,blood_bank_\&_donor_management_system_project,blood_bank_\&_donor_management_system,phpgurukul,blood_bank_\&_donor_management_system,auto
a,bluecms,bluecms,bluecms_project,bluecms,auto
a,bookly_project,bookly,booking-wp-plugin,bookly,auto
a,bootstrap_table_project,bootstrap_table,bootstrap-table,bootstrap_table,auto
a,bp_monitoring_management_system_project,bp_monitoring_management_system,phpgurukul,bp_monitoring_management_system,auto
a,brew,mruby,mruby,mruby,auto
a,browserify-shim_project,_browserify-shim,browserify-shim_project,browserify-shim,auto
a,budget_and_expense_tracker_system_project,budget_and_expense_tracker_system,oretnom23,budget_and_expense_tracker_system,auto
a,c-blosc2_project,c-blosc2,blosc,c-blosc2,auto
a,ca,2e_web_option,broadcom,2e_web_option,auto
a,ca,advantage_data_transport,broadcom,advantage_data_transport,auto
a,ca,adviseit,broadcom,adviseit,auto
a,ca,alert_notification_server,broadcom,alert_notification_server,auto
a,ca,anti-virus_for_the_enterprise,broadcom,anti-virus_for_the_enterprise,auto
a,ca,antivirus_gateway,broadcom,antivirus_gateway,auto
a,ca,application_configuration_manager_agent,broadcom,application_configuration_manager_agent,auto
a,ca,arcserve_backup,broadcom,arcserve_backup,auto
a,ca,arcserve_backup_2000,broadcom,arcserve_backup_2000,auto
a,ca,arcserve_backup_agent_for_open_files_for_windows,broadcom,arcserve_backup_agent_for_open_files_for_windows,auto
a,ca,arcserve_backup_client_agent_for_windows,broadcom,arcserve_backup_client_agent_for_windows,auto
a,ca,arcserve_client_agent,broadcom,arcserve_client_agent,auto
a,ca,asset_management_performance_liteagent,broadcom,asset_management_performance_liteagent,auto
a,ca,automic_workload_automation,broadcom,automic_workload_automation,auto
a,ca,brightstor_arcserve,broadcom,brightstor_arcserve,auto
a,ca,brightstor_arcserve_backup,broadcom,brightstor_arcserve_backup,auto
a,ca,brightstor_arcserve_backup_agent_exchange,broadcom,brightstor_arcserve_backup_agent_exchange,auto
a,ca,brightstor_arcserve_backup_agent_sap,broadcom,brightstor_arcserve_backup_agent_sap,auto
a,ca,brightstor_arcserve_backup_agent_sql,broadcom,brightstor_arcserve_backup_agent_sql,auto
a,ca,brightstor_arcserve_backup_aix,broadcom,brightstor_arcserve_backup_aix,auto
a,ca,brightstor_arcserve_backup_for_windows,broadcom,brightstor_arcserve_backup_for_windows,auto
a,ca,brightstor_arcserve_backup_hp,broadcom,brightstor_arcserve_backup_hp,auto
a,ca,brightstor_arcserve_backup_laptops_desktops,broadcom,brightstor_arcserve_backup_laptops_desktops,auto
a,ca,brightstor_arcserve_backup_server,broadcom,brightstor_arcserve_backup_server,auto
a,ca,brightstor_arcserve_client,broadcom,brightstor_arcserve_client,auto
a,ca,brightstor_enterprise,broadcom,brightstor_enterprise,auto
a,ca,brightstor_enterprise_backup,broadcom,brightstor_enterprise_backup,auto
a,ca,brightstor_enterprise_backup_agent,broadcom,brightstor_enterprise_backup_agent,auto
a,ca,brightstor_hierarchical_storage_manager,broadcom,brightstor_hierarchical_storage_manager,auto
a,ca,brightstor_mobile_backup,broadcom,brightstor_mobile_backup,auto
a,ca,brightstor_portal,broadcom,brightstor_portal,auto
a,ca,brightstor_process_automation_manager,broadcom,brightstor_process_automation_manager,auto
a,ca,brightstor_san_manager,broadcom,brightstor_san_manager,auto
a,ca,brightstor_storage_resource_manager,broadcom,brightstor_storage_resource_manager,auto
a,ca,brigthstor_arcserve_client_for_windows,broadcom,brigthstor_arcserve_client_for_windows,auto
a,ca,business_protection_suite,broadcom,business_protection_suite,auto
a,ca,ca_api_developer_portal,broadcom,ca_api_developer_portal,auto
a,ca,ccc_harvest,broadcom,ccc_harvest,auto
a,ca,cleverpath_aion,broadcom,cleverpath_aion,auto
a,ca,cleverpath_ecm,broadcom,cleverpath_ecm,auto
a,ca,cleverpath_eureka,broadcom,cleverpath_eureka,auto
a,ca,cleverpath_olap,broadcom,cleverpath_olap,auto
a,ca,cleverpath_portal,broadcom,cleverpath_portal,auto
a,ca,cleverpath_predictive_analysis_server,broadcom,cleverpath_predictive_analysis_server,auto
a,ca,client_automation,broadcom,client_automation,auto
a,ca,cohesion_agent,broadcom,cohesion_agent,auto
a,ca,cohesion_server,broadcom,cohesion_server,auto
a,ca,common_services,broadcom,common_services,auto
a,ca,configuration_automation_agent,broadcom,configuration_automation_agent,auto
a,ca,configuration_automation_grid_node,broadcom,configuration_automation_grid_node,auto
a,ca,configuration_automation_server,broadcom,configuration_automation_server,auto
a,ca,controlit,broadcom,controlit,auto
a,ca,desktop_management_suite,broadcom,desktop_management_suite,auto
a,ca,desktop_protection_suite,broadcom,desktop_protection_suite,auto
a,ca,directory,broadcom,directory,auto
a,ca,ehealth,broadcom,ehealth,auto
a,ca,ehealth_for_voice,broadcom,ehealth_for_voice,auto
a,ca,ehealth_livehealth,broadcom,ehealth_livehealth,auto
a,ca,ehealth_systemedge,broadcom,ehealth_systemedge,auto
a,ca,embedded_entitlements_manager,broadcom,embedded_entitlements_manager,auto
a,ca,enterprise_common_services,broadcom,enterprise_common_services,auto
a,ca,enterprise_log_manager,broadcom,enterprise_log_manager,auto
a,ca,erwin_data_model_validator,broadcom,erwin_data_model_validator,auto
a,ca,erwin_data_modeler,broadcom,erwin_data_modeler,auto
a,ca,erwin_process_modeler,broadcom,erwin_process_modeler,auto
a,ca,etrust_access_control,broadcom,etrust_access_control,auto
a,ca,etrust_admin,broadcom,etrust_admin,auto
a,ca,etrust_antivirus,broadcom,etrust_antivirus,auto
a,ca,etrust_antivirus_ee,broadcom,etrust_antivirus_ee,auto
a,ca,etrust_antivirus_gateway,broadcom,etrust_antivirus_gateway,auto
a,ca,etrust_antivirus_iris_engine,broadcom,etrust_antivirus_iris_engine,auto
a,ca,etrust_antivirus_sdk,broadcom,etrust_antivirus_sdk,auto
a,ca,etrust_antivirus_webscan,broadcom,etrust_antivirus_webscan,auto
a,ca,etrust_audit_aries,broadcom,etrust_audit_aries,auto
a,ca,etrust_audit_client,broadcom,etrust_audit_client,auto
a,ca,etrust_audit_datatools,broadcom,etrust_audit_datatools,auto
a,ca,etrust_audit_irecorder,broadcom,etrust_audit_irecorder,auto
a,ca,etrust_audit_policy_manager,broadcom,etrust_audit_policy_manager,auto
a,ca,etrust_directory,broadcom,etrust_directory,auto
a,ca,etrust_ez_antivirus,broadcom,etrust_ez_antivirus,auto
a,ca,etrust_ez_armor,broadcom,etrust_ez_armor,auto
a,ca,etrust_ez_armor_le,broadcom,etrust_ez_armor_le,auto
a,ca,etrust_iam_suite,broadcom,etrust_iam_suite,auto
a,ca,etrust_identity_minder,broadcom,etrust_identity_minder,auto
a,ca,etrust_integrated_threat_management,broadcom,etrust_integrated_threat_management,auto
a,ca,etrust_internet_security_suite,broadcom,etrust_internet_security_suite,auto
a,ca,etrust_intrusion_detection,broadcom,etrust_intrusion_detection,auto
a,ca,etrust_pestpatrol,broadcom,etrust_pestpatrol,auto
a,ca,etrust_security_command_center,broadcom,etrust_security_command_center,auto
a,ca,etrust_security_suite,broadcom,etrust_security_suite,auto
a,ca,etrust_siteminder,broadcom,etrust_siteminder,auto
a,ca,etrust_siteminder_documentation,broadcom,etrust_siteminder_documentation,auto
a,ca,etrust_siteminder_policy_server,broadcom,etrust_siteminder_policy_server,auto
a,ca,etrust_siteminder_user_context_gateway,broadcom,etrust_siteminder_user_context_gateway,auto
a,ca,etrust_siteminder_web_access_manager_administrative_ui,broadcom,etrust_siteminder_web_access_manager_administrative_ui,auto
a,ca,etrust_threat_management_console,broadcom,etrust_threat_management_console,auto
a,ca,host-based_intrusion_prevention_system,broadcom,host-based_intrusion_prevention_system,auto
a,ca,igateway,broadcom,igateway,auto
a,ca,inoculan,broadcom,inoculan,auto
a,ca,inoculateit,broadcom,inoculateit,auto
a,ca,inoculateit_agent_for_exchange,broadcom,inoculateit_agent_for_exchange,auto
a,ca,integrated_threat_management,broadcom,integrated_threat_management,auto
a,ca,introscope,broadcom,introscope,auto
a,ca,introscope_agent_for_.net_3.0,broadcom,introscope_agent_for_.net_3.0,auto
a,ca,introscope_workstation,broadcom,introscope_workstation,auto
a,ca,investigation_tool,broadcom,investigation_tool,auto
a,ca,itechnology_igateway,broadcom,itechnology_igateway,auto
a,ca,license_software,broadcom,license_software,auto
a,ca,messaging,broadcom,messaging,auto
a,ca,netviz_professional,broadcom,netviz_professional,auto
a,ca,netviz_viewer,broadcom,netviz_viewer,auto
a,ca,network_and_systems_management,broadcom,network_and_systems_management,auto
a,ca,network_discovery_gateway,broadcom,network_discovery_gateway,auto
a,ca,network_flow_analysis,broadcom,network_flow_analysis,auto
a,ca,output_management_web_viewer,broadcom,output_management_web_viewer,auto
a,ca,project_portfolio_management,broadcom,project_portfolio_management,auto
a,ca,release_automation,broadcom,release_automation,auto
a,ca,resource_initialization_manager,broadcom,resource_initialization_manager,auto
a,ca,secure_content_manager,broadcom,secure_content_manager,auto
a,ca,server_protection_suite,broadcom,server_protection_suite,auto
a,ca,service_desk_manager,broadcom,service_desk_manager,auto
a,ca,siteminder,broadcom,siteminder,auto
a,ca,siteminder_federation,broadcom,siteminder_federation,auto
a,ca,systemedge,broadcom,systemedge,auto
a,ca,systems_performance_for_infrastructure_managers,broadcom,systems_performance_for_infrastructure_managers,auto
a,ca,systems_performance_liteagent,broadcom,systems_performance_liteagent,auto
a,ca,threat_manager,broadcom,threat_manager,auto
a,ca,total_defense,broadcom,total_defense,auto
a,ca,unicenter_application_performance_monitor,broadcom,unicenter_application_performance_monitor,auto
a,ca,unicenter_application_server_managment,broadcom,unicenter_application_server_managment,auto
a,ca,unicenter_asset_management,broadcom,unicenter_asset_management,auto
a,ca,unicenter_asset_portfolio_management,broadcom,unicenter_asset_portfolio_management,auto
a,ca,unicenter_autosys_jm,broadcom,unicenter_autosys_jm,auto
a,ca,unicenter_browser_interface,broadcom,unicenter_browser_interface,auto
a,ca,unicenter_data_transport_option,broadcom,unicenter_data_transport_option,auto
a,ca,unicenter_dsm_agent_\+_asset_management_plugin,broadcom,unicenter_dsm_agent_\+_asset_management_plugin,auto
a,ca,unicenter_dsm_agent_\+_basic_inventory_plugin,broadcom,unicenter_dsm_agent_\+_basic_inventory_plugin,auto
a,ca,unicenter_dsm_agent_\+_remote_control_plugin,broadcom,unicenter_dsm_agent_\+_remote_control_plugin,auto
a,ca,unicenter_dsm_agent_\+_software_delivery_plugin,broadcom,unicenter_dsm_agent_\+_software_delivery_plugin,auto
a,ca,unicenter_enterprise_job_manager,broadcom,unicenter_enterprise_job_manager,auto
a,ca,unicenter_exchange_management_console,broadcom,unicenter_exchange_management_console,auto
a,ca,unicenter_jasmine,broadcom,unicenter_jasmine,auto
a,ca,unicenter_management,broadcom,unicenter_management,auto
a,ca,unicenter_management_lotus_note_domino,broadcom,unicenter_management_lotus_note_domino,auto
a,ca,unicenter_management_microsoft_exchange,broadcom,unicenter_management_microsoft_exchange,auto
a,ca,unicenter_management_portal,broadcom,unicenter_management_portal,auto
a,ca,unicenter_management_web_servers,broadcom,unicenter_management_web_servers,auto
a,ca,unicenter_management_websphere_mq,broadcom,unicenter_management_websphere_mq,auto
a,ca,unicenter_mq_management,broadcom,unicenter_mq_management,auto
a,ca,unicenter_network_and_systems_management,broadcom,unicenter_network_and_systems_management,auto
a,ca,unicenter_nsm_wireless_network_management_option,broadcom,unicenter_nsm_wireless_network_management_option,auto
a,ca,unicenter_performance_management,broadcom,unicenter_performance_management,auto
a,ca,unicenter_performance_management_for_openvms,broadcom,unicenter_performance_management_for_openvms,auto
a,ca,unicenter_remote_control,broadcom,unicenter_remote_control,auto
a,ca,unicenter_remote_control_host,broadcom,unicenter_remote_control_host,auto
a,ca,unicenter_remote_control_option,broadcom,unicenter_remote_control_option,auto
a,ca,unicenter_service_delivery,broadcom,unicenter_service_delivery,auto
a,ca,unicenter_service_desk,broadcom,unicenter_service_desk,auto
a,ca,unicenter_service_desk_knowledge_tools,broadcom,unicenter_service_desk_knowledge_tools,auto
a,ca,unicenter_service_fulfillment,broadcom,unicenter_service_fulfillment,auto
a,ca,unicenter_service_level_management,broadcom,unicenter_service_level_management,auto
a,ca,unicenter_service_metric_analysis,broadcom,unicenter_service_metric_analysis,auto
a,ca,unicenter_serviceplus_service_desk,broadcom,unicenter_serviceplus_service_desk,auto
a,ca,unicenter_software_delivery,broadcom,unicenter_software_delivery,auto
a,ca,unicenter_tng,broadcom,unicenter_tng,auto
a,ca,unicenter_tng_jpn,broadcom,unicenter_tng_jpn,auto
a,cab_management_system_project,cab_management_system,oretnom23,cab_management_system,auto
a,cabextract,cabextract,cabextract_project,cabextract,auto
a,cakefoundation,cakephp,cakephp,cakephp,auto
a,calibre-web_project,calibre-web,janeczku,calibre-web,auto
a,car_rental_portal_project,car_rental_portal,phpgurukul,car_rental_portal,auto
a,carel,plantvisorenhanced,carel,plantvisor_enhanced,auto
a,carspot_project,carspot,scriptsbundle,carspot,auto
a,cartflows,funnel_builder,funnelkit,funnel_builder,auto
a,catdoc_project,catdoc,fossies,catdoc,auto
a,cdevroe,unmark,unmark,unmark,auto
a,chained_quiz_project,chained_quiz,kibokolabs,chained_quiz,auto
a,changedetection,changedetection,webtechnologies,changedetection,auto
a,citrix,application_gateway,ibm,application_gateway,auto
a,ckeditor,ckeditor_5,ckeditor,ckeditor5,auto
a,ckeditor_4_project,ckeditor_4,cksource,ckeditor_4,auto
a,clearcanvas_project,clearcanvas,synaptivemedical,clearcanvas,auto
a,clerk,clerk.io,clerk.io,clerk.io,auto
a,clintoncaldwell,delete_me,cmc3215,delete_me,auto
a,closure-util_project,closure-util,openlayers,closure-util,auto
a,cloud_foundry,loggregator,cloudfoundry,loggregator,auto
a,cloudcannon,pagefind,pagefind,pagefind,auto
a,cmder_project,cmder,cmder,cmder,auto
a,cncf,cni_network_plugins,linuxfoundation,cni_network_plugins,auto
a,cncf,harbor,linuxfoundation,harbor,auto
a,cncf,knative_func,linuxfoundation,knative_func,auto
a,cncf,opentelemetry-go_contrib,linuxfoundation,opentelemetry-go_contrib,auto
a,code-projects,automated_voting_system,fabian,automated_voting_system,auto
a,code-projects,client_details_system,fabian,client_details_system,auto
a,coderex,wp_vr,rextheme,wp_vr,auto
a,coderex,wpfunnels,getwpfunnels,wpfunnels,auto
a,codoforum,codoforum,codologic,codoforum,auto
a,collne,welcart_e-commerce,welcart,welcart_e-commerce,auto
a,composr_project,composr,ocproducts,composr,auto
a,conemu_project,conemu,maximus5,conemu,auto
a,connman,connman,intel,connman,auto
a,conntrack-tools_project,conntrack-tools,netfilter,conntrack-tools,auto
a,contact_form_7_database_addon,contact_form_7_database_addon,ciphercoin,contact_form_7_database_addon,auto
a,contactlistpro,contact_list,tammersoft,contact_list,auto
a,containous,traefik,traefik,traefik,auto
a,copyparty_project,copyparty,9001,copyparty,auto
a,cpp-httplib_project,cpp-httplib,yhirose,cpp-httplib,auto
a,craig_barratt,backuppc,backuppc,backuppc,auto
a,creative_minds,cm_download_manager,cminds,cm_download_manager,auto
a,creativemindssolutions,cm_download_manager,cminds,cm_download_manager,auto
a,creativemindssolutions,video_lessons_manager_pro,cminds,video_lessons_manager_pro,auto
a,cryptbond,cryptbond_network,cryptbond_network_project,cryptbond_network,auto
a,cryptography,cryptography,cryptography.io,cryptography,auto
a,cryptography_project,cryptography,cryptography.io,cryptography,auto
a,ctolog,thinkadmin,thinkadmin,thinkadmin,auto
a,curtis_galloway,libexif,libexif_project,libexif,auto
a,custom_404_pro_project,custom_404_pro,kunalnagar,custom_404_pro,auto
a,cve-detect_project,cve-detect,pandatix,cvedetect,auto
a,cwi,nethack,nethack,nethack,auto
a,d-link,camera_stream_client_activex_control,dlink,camera_stream_client_activex_control,auto
a,d-link,central_wifimanager,dlink,central_wifimanager,auto
a,d-link,mydlink_baby_camera_monitor,dlink,mydlink_baby_camera_monitor,auto
a,daily_prayer_time_project,daily_prayer_time,mmrs151,daily_prayer_time,auto
a,dairy_farm_shop_management_system_project,dairy_farm_shop_management_system,phpgurukul,dairy_farm_shop_management_system,auto
a,daniel_friesel,feh,feh_project,feh,auto
a,darkhttpd_project,darkhttpd,unix4lyfe,darkhttpd,auto
a,databaseschemaviewer_project,dbschemareader,databaseschemareader_project,dbschemareader,auto
a,dataease_project,dataease,dataease,dataease,auto
a,dave_thomas,rdoc,ruby-lang,rdoc,auto
a,debain,libpcap,tcpdump,libpcap,auto
a,debian,shadow-utils,shadow-maint,shadow-utils,auto
a,deephas_project,deephas,sharpred,deephas,auto
a,dell,bsafe_micro_edition_suite,dell,bsafe_micro-edition-suite,auto
a,deon_george,phpldapadmin,phpldapadmin_project,phpldapadmin,auto
a,dependencytrack,dependency-track,owasp,dependency-track,auto
a,digia,qt,qt,qt,auto
a,digitalbazzar,forge,digitalbazaar,forge,auto
a,digitaldruid,hotel_druid,digitaldruid,hoteldruid,auto
a,digitalocean,toxcore,toktok,toxcore,auto
a,direct_mail_project,direct_mail,dkd,direct_mail,auto
a,directoriespro,directoriespro,directoriespro,directories_pro,auto
a,dlt-daemon_project,dlt-daemon,covesa,dlt-daemon,auto
a,dm_computer_solutions,ultracompare,ultraedit,ultracompare,auto
a,dm_computer_solutions,ultraedit-32,ultraedit,ultraedit-32,auto
a,dnesscarkey,use_any_font,dineshkarki,use_any_font,auto
a,docker,composer,getcomposer,composer,auto
a,docker,credential-helpers,docker,credential_helpers,auto
a,doctor_appointment_management_system_project,doctor_appointment_management_system,phpgurukul,doctor_appointment_management_system,auto
a,dokan_project,dokan,dokan,dokan,auto
a,dollar.bank,dollar_bank_mobile,dollar_bank,dollar_bank_mobile,auto
a,dotnetnuke,dotnetnuke,dnnsoftware,dotnetnuke,auto
a,dreamer_cms_project,dreamer_cms,iteachyou,dreamer_cms,auto
a,dromara,hertzbeat,apache,hertzbeat,auto
a,drupal,artificial_intelligence,artificial_intelligence_project,artificial_intelligence,auto
a,drupal,web_links,web_links_project,web_links,auto
a,druya,insync,druva,insync,auto
a,dwnldr_project,dwnldr,findshorty,dwnldr,auto
a,e-catchup,basercms,basercms,basercms,auto
a,e-diary_management_system_project,e-diary_management_system,phpgurukul,e-diary_management_system,auto
a,edgeofmyseat,perch,grabaperch,perch,auto
a,egostudiogroup,superclean,egostudiogroup,super_clean,auto
a,ek_rishta_project,ek_rishta,harmistechnology,ek_rishta,auto
a,elasticsearch,kibana,elastic,kibana,auto
a,elliptic_project,elliptic,indutny,elliptic,auto
a,emarketdegisn,request_a_quote,emarketdesign,request_a_quote,auto
a,emc,recoverpoint_for_virtual_machines,dell,recoverpoint_for_virtual_machines,auto
a,emersonnetworkpower,aperture_web_application_server,emerson,aperture_web_application_server,auto
a,emersonnetworkpower,aperture_web_services_server,emerson,aperture_web_services_server,auto
a,emmanuelgeorjon,eg-attachments,egeorjon,eg-attachments,auto
a,employee_and_visitor_gate_pass_logging_system_project,employee_and_visitor_gate_pass_logging_system,oretnom23,employee_and_visitor_gate_pass_logging_system,auto
a,erlang,otp,yubico,otp,auto
a,erpnext,erpnext,frappe,erpnext,auto
a,ersi,arcgis_server,esri,arcgis_server,auto
a,establishment_billing_management_system_project,establishment_billing_management_system,oretnom23,establishment_billing_management_system,auto
a,ettercap_project,ettercap,ettercap-project,ettercap,auto
a,evms,redcap,vanderbilt,redcap,auto
a,expense_tracker_project,expense_tracker,oretnom23,expense_tracker,auto
a,export_any_wordpress_data_to_xml\/csv_project,export_any_wordpress_data_to_xml\/csv,soflyy,export_any_wordpress_data_to_xml\/csv,auto
a,fabianros,album_management_system,fabian,album_management_system,auto
a,fabianros,atm_banking,fabian,atm_banking,auto
a,fabianros,clothing_store_management_system,fabian,clothing_store_management_system,auto
a,fabianros,departmental_store_management_system,fabian,departmental_store_management_system,auto
a,fabianros,eblog_site,fabian,eblog_site,auto
a,fabianros,hotel_reservation_system,fabian,hotel_reservation_system,auto
a,fabianros,jewellery_store_management_system,fabian,jewellery_store_management_system,auto
a,fabianros,mobile_shop_management_system,fabian,mobile_shop_management_system,auto
a,fabianros,online_bike_rental_system,fabian,online_bike_rental_system,auto
a,fabianros,online_bus_reservation_site,fabian,online_bus_reservation_site,auto
a,fabianros,online_bus_reservation_system,fabian,online_bus_reservation_system,auto
a,fabianros,online_faculty_clearance_system,fabian,online_faculty_clearance_system,auto
a,fabianros,online_job_search_engine,fabian,online_job_search_engine,auto
a,fabianros,online_polling,fabian,online_polling,auto
a,fabianros,online_quiz_site,fabian,online_quiz_site,auto
a,fabianros,online_ticket_reservation_system,fabian,online_ticket_reservation_system,auto
a,fabianros,personal_diary_management_system,fabian,personal_diary_management_system,auto
a,fabianros,pos_\&_inventory_system,fabian,pos_\&_inventory_system,auto
a,fabianros,project_monitoring_system,fabian,project_monitoring_system,auto
a,fabianros,responsive_hotel_site,fabian,responsive_hotel_site,auto
a,fabianros,school_billing_system,fabian,school_billing_system,auto
a,fabianros,simple_bus_reservation_system,fabian,simple_bus_reservation_system,auto
a,fabianros,simple_college_management_system,fabian,simple_college_management_system,auto
a,fabianros,simple_e-banking_system,fabian,simple_e-banking_system,auto
a,fabianros,simple_forum,fabian,simple_forum,auto
a,fabianros,simple_grading_system,fabian,simple_grading_system,auto
a,fabianros,simple_movie_ticket_booking_system,fabian,simple_movie_ticket_booking_system,auto
a,fabianros,simple_scheduling_system,fabian,simple_scheduling_system,auto
a,fabianros,simple_shopping_cart,fabian,simple_shopping_cart,auto
a,fabianros,theater_seat_booking_system,fabian,theater_seat_booking_system,auto
a,fabianros,train_ticket_reservation_system,fabian,train_ticket_reservation_system,auto
a,facebook,osquery,linuxfoundation,osquery,auto
a,facuet,ryu,faucet,ryu,auto
a,fancybox_project,fancybox,colorlib,fancybox,auto
a,fastapi_project,fastapi,tiangolo,fastapi,auto
a,fastecdsa_project,fastecdsa,antonkueltz,fastecdsa,auto
a,featherjs,feathers-sequelize,feathersjs,feathers-sequelize,auto
a,femanager_project,femanager,in2code,femanager,auto
a,ffjpeg_project,ffjpeg,rockcarry,ffjpeg,auto
a,ffw,complete_analytics_optimization_suite,daan,complete_analytics_optimization_suite,auto
a,file-type_project,file-type,sindresorhus,file-type,auto
a,file-upload-with-preview_project,file-upload-with-preview,johndatserakis,file-upload-with-preview,auto
a,file_manager_app_project,file_manager_app,remyandrade,file_manager_app,auto
a,filemanagerpro,file_manager_pro,filemanagerpro.io,file_manager_pro,auto
a,firebird,firebird,firebirdsql,firebird,auto
a,firecracker_project,firecracker,amazon,firecracker,auto
a,flask-appbuilder_project,flask-appbuilder,dpgaspar,flask-appbuilder,auto
a,flippercode,wp_google_map,wpgooglemap,wp_google_map,auto
a,florian_balmer,notepad2,flos-freeware,notepad2,auto
a,florian_heidenreich,mp3tag,mp3tag,mp3tag,auto
a,flowerfire,sawmill,sawmill,sawmill,auto
a,fmt_project,fmt,fmt,fmt,auto
a,fnet_project,fnet,butok,fnet,auto
a,fonality,trixbox,netfortris,trixbox,auto
a,fontforge_project,fontforge,fontforge,fontforge,auto
a,football_pool_project,football_pool,antoineh,football_pool,auto
a,fork-cms,forkcms,fork-cms,fork_cms,auto
a,freedownloadmanager,freedownloadmanager,freedownloadmanager,free_download_manager,auto
a,freepbx,freepbx,sangoma,freepbx,auto
a,freerdp_project,freerdp,freerdp,freerdp,auto
a,frourio-express_project,frourio-express,frourio,frourio-express,auto
a,frourio_project,frourio,frourio,frourio,auto
a,fullworks,redirect_404_error_page_to_homepage_or_custom_page_with_logs,wpvibes,redirect_404_error_page_to_homepage_or_custom_page_with_logs,auto
a,fullworks,stop_user_enumeration,fullworksplugins,stop_user_enumeration,auto
a,futurxe_project,futurxe,futurxe,futurxe,auto
a,ganeti_project,ganeti,spi-inc,ganeti,auto
a,gardenlinux,garden_linux,cloudfoundry,garden_linux,auto
a,gdragon,gd_rating_system,dev4press,gd_rating_system,auto
a,ge,communicator,netscape,communicator,auto
a,gentoo,libsndfile,libsndfile_project,libsndfile,auto
a,geo_mashup_project,geo_mashup,cyberhobo,geo_mashup,auto
a,getfilecloud,filecloud,filecloud,filecloud,auto
a,getk2,k2,joomlaworks,k2,auto
a,getpostman,postman,postman,postman,auto
a,getsymphony,symphony_cms,symphony-cms,symphony_cms,auto
a,gifsicle_project,gifsicle,lcdf,gifsicle,auto
a,gigpress,gigpress,tri,gigpress,auto
a,gilles_lamiral,imapsync,imapsync_project,imapsync,auto
a,gistpad,gistpad,gistpad_project,gistpad,auto
a,git-fastclone_project,git-fastclone,squareup,git-fastclone,auto
a,github,owslib,osgeo,owslib,auto
a,gnu,gimp,gimp,gimp,auto
a,go-cvss_project,go-cvss,pandatix,go-cvss,auto
a,goharbor,harbor,linuxfoundation,harbor,auto
a,gpt_academic_project,gpt_academic,binary-husky,gpt_academic,auto
a,grassroots_dicom_project,grassroots_dicom,malaterre,grassroots_dicom,auto
a,gravitl,netmaker,netmaker,netmaker,auto
a,green_end,sftpserver,greenend,sftpserver,auto
a,greenend,putty,putty,putty,auto
a,grin-tech,grin,grin,grin,auto
a,gstreamer_project,gstreamer,gstreamer,gstreamer,auto
a,gtkwave,gtkwave,tonybybell,gtkwave,auto
a,guac-dev,guacamole,apache,guacamole,auto
a,hawt.io,hawtio,hawt,hawtio,auto
a,heat-trakr_project,heat-trackr,heat-trackr_project,heat-trackr,auto
a,hexchat,hexchat,hexchat_project,hexchat,auto
a,hexpm,hex_core,hex,hex_core,auto
a,hibernate,validator,validator_project,validator,auto
a,hierarchial_select_project,hierarchical_select,hierarchical_select_project,hierarchical_select,auto
a,hitachi,itt600_sa_explorer,hitachienergy,itt600_sa_explorer,auto
a,hitachi,microscada_x_sys600,hitachienergy,microscada_x_sys600,auto
a,hitachi,unem,hitachienergy,unem,auto
a,hitachiabb-powergrids,counterparty_settlement_and_billing,hitachienergy,counterparty_settlement_and_billing,auto
a,hitachiabb-powergrids,retail_operations,hitachienergy,retail_operations,auto
a,hoteldruid,hoteldruid,digitaldruid,hoteldruid,auto
a,howardehrenberg,parallax_image,duckdiverllc,parallax_image,auto
a,hp,openvms,compaq,openvms,auto
a,hp,vertica,opentext,vertica,auto
a,htcondor_project,htcondor,wisc,htcondor,auto
a,html-minifier_project,html-minifier,kangax,html-minifier,auto
a,htmlunit_project,htmlunit,htmlunit,htmlunit,auto
a,http4s,blaze,typelevel,blaze,auto
a,http_headers_project,http_headers,riverside,http_headers,auto
a,hyundaiusa,blue_link,hyundai,blue_link,auto
a,i-librarian,"i\,_librarian",scilico,"i\,_librarian",auto
a,i-librarian,i_librarian,scilico,"i\,_librarian",auto
a,ibericode,html_forms,linksoftwarellc,html_forms,auto
a,ibm,devops_plan,hcltech,devops_plan,auto
a,ibm,devops_velocity,hcltech,devops_velocity,auto
a,ibm,engineering_lifecycle_optimization_publishing,ibm,engineering_lifecycle_optimization_-_publishing,auto
a,idccms_project,idccms,idccms,idccms,auto
a,idqk,masuit.tools,ldqk,masuit.tools,auto
a,idurar_project,idurar,idurarapp,idurar,auto
a,ifsc_code_finder_project,ifsc_code_finder,phpgurukul,ifsc_code_finder,auto
a,igor_sysoev,nginx,f5,nginx,auto
a,ilia_alshanetsky,fudforum,fudforum,fudforum,auto
a,imagemappro,image_map_pro,webcraftplugins,image_map_pro,auto
a,imageworsener_project,imageworsener,entropymine,imageworsener,auto
a,impress,givewp,givewp,givewp,auto
a,intel,computer_vision_annotation_tool,cvat,computer_vision_annotation_tool,auto
a,interview_management_system_project,interview_management_system,janobe,interview_management_system,auto
a,inverse,sogo,alinto,sogo,auto
a,invisionpower,invision_power_board,invisioncommunity,invision_power_board,auto
a,ip_blacklist_cloud_project,ip_blacklist_cloud,ad33lx,ip_blacklist_cloud,auto
a,iperf3_project,iperf3,es,iperf3,auto
a,ipswitch,whatsup_gold,progress,whatsup_gold,auto
a,ipswitch,ws_ftp_server,progress,ws_ftp_server,auto
a,iputils_project,iputils,iputils,iputils,auto
a,isaac_sukin,browserid,browserid_project,browserid,auto
a,jasig,phpcas,apereo,phpcas,auto
a,jeecg,jeecg-boot,jeecg,jeecg_boot,auto
a,jeff_kreitner,hms-testimonials,hitmyserver,hms_testimonials,auto
a,jeff_sterup,plugin-organizer,plugin-organizer_project,plugin-organizer,auto
a,jenkins,_subversion_partial_release_manager,jenkins,subversion_partial_release_manager,auto
a,jgraph,drawio,diagrams,drawio,auto
a,jmespath_project,jmespath,jmespath,jmespath,auto
a,john_koleszar,libvpx,webmproject,libvpx,auto
a,john_nunemaker,httparty,jnunemaker,httparty,auto
a,josh_fradley,burden,burden_project,burden,auto
a,jquery,jquery_ui,jqueryui,jquery_ui,auto
a,js-yaml_project,js-yaml,nodeca,js-yaml,auto
a,json-c_project,json-c,json-c,json-c,auto
a,json-java_project,json-java,stleary,json-java,auto
a,jsrsasign_project,jsrsasign,kjur,jsrsasign,auto
a,jwcrypto_project,jwcrypto,latchset,jwcrypto,auto
a,kallithea,kallithea,kallithea-scm,kallithea,auto
a,kavita,kavita,kavitareader,kavita,auto
a,kemptechnologies,loadmaster,kemptechnologies,load_master,auto
a,kennethreitz,certifi,certifi,certifi,auto
a,kernel,linux-pam,linux-pam,linux-pam,auto
a,kindsoft,kind_editor,kindsoft,kindeditor,auto
a,kingsoftsecurity,kingsoft_antivirus,kingsoft,kingsoft_antivirus,auto
a,kiro,kiro_cli,amazon,kiro_cli,auto
a,kiro,kiro_ide,amazon,kiro_ide,auto
a,kk_star_ratings_project,kk_star_ratings,kamalkhan,kk_star_ratings,auto
a,knot-resolver,knot_resolver,nic,knot_resolver,auto
a,krzysztof_kowalczyk,sumatrapdf,sumatrapdfreader,sumatrapdf,auto
a,laobancms_project,laobancms,laobancms,laobancms,auto
a,laundry_booking_management_system_project,laundry_booking_management_system,nikhil-bhalerao,laundry_booking_management_system,auto
a,libcsp_project,libcsp,libcsp,libcsp,auto
a,libidn2_project,libidn2,gnu,libidn2,auto
a,libksba_project,libksba,gnupg,libksba,auto
a,libmysofa_project,libmysofa,symonics,libmysofa,auto
a,libvips_project,libvips,libvips,libvips,auto
a,libxpm_project,libxpm,x.org,libxpm,auto
a,lifion,lifion-verify-dependencies,adp,lifion-verify-dependencies,auto
a,lightftp_project,lightftp,hfiref0x,lightftp,auto
a,linaro,tf-psa-crypto,trustedfirmware,tf-psa-crypto,auto
a,link_library_project,link_library,ylefebvre,link_library,auto
a,linksoftwarellc,business_manager,bzmngr,business_manager,auto
a,linux-aarhus,gksu-polkit,gksu-polkit_project,gksu-polkit,auto
a,linuxfoundation,argo-cd,argoproj,argo_cd,auto
a,liquidweb,gigpress,tri,gigpress,auto
a,liquidweb,kb_support,logon,kb_support,auto
a,lisperator,uglifyjs,uglifyjs_project,uglifyjs,auto
a,litemall_project,litemall,linlinjava,litemall,auto
a,livecomposer,page_builder\:_live_composer,blueastral,page_builder\:_live_composer,auto
a,lmeve_project,lmeve,roxlukas,lmeve,auto
a,locutus_project,locutus,locutus,locutus,auto
a,logback,logback,qos,logback,auto
a,login_with_phone_number_project,login_with_phone_number,idehweb,login_with_phone_number,auto
a,logitec,lan-w300n\/r_firmware,logitech,lan-w300n\/r_firmware,auto
a,logitec,lan-w300n\/rs_firmware,logitech,lan-w300n\/rs_firmware,auto
a,logitec,lan-w300n\/ru2_firmware,logitech,lan-w300n\/ru2_firmware,auto
a,lost_and_found_information_system_project,lost_and_found_information_system,oretnom23,lost_and_found_information_system,auto
a,lrzip_project,lrzip,ckolivas,lrzip,auto
a,machothemes,modula_image_gallery,wpchill,modula_image_gallery,auto
a,machothemes,strong_testimonials,wpchill,strong_testimonials,auto
a,maianscriptworld,maianaffiliate,maianmedia,maianaffiliate,auto
a,mailpoet,mailpoet,automattic,mailpoet,auto
a,mariadb_project,mariadb,mariadb,mariadb,auto
a,masteriyo,masteriyo,themegrill,masteriyo,auto
a,matthew_fries,mf_gig_calendar,mf_gig_calendar_project,mf_gig_calendar,auto
a,mautic,mautic,acquia,mautic,auto
a,mavlink,micro_air_vehicle_link,dronecode,micro_air_vehicle_link,auto
a,mayuri_k,best_courier_management_system,mayurik,best_courier_management_system,auto
a,mcms_project,mcms,mingsoft,mcms,auto
a,media_library_assistant_project,media_library_assistant,davidlingren,media_library_assistant,auto
a,merchandise_online_store_product,merchandise_online_store,merchandise_online_store_project,merchandise_online_store,auto
a,micro_focus,solutions_business_manager,microfocus,solutions_business_manager,auto
a,microfocus,vertica,opentext,vertica,auto
a,microsemi,maxview_storage_manager,microchip,maxview_storage_manager,auto
a,minetime,minetime,ethz,minetime,auto
a,mingle_forum_project,mingle_forum,cartpauj,mingle-forum,auto
a,miniaudio_project,miniaudio,mackron,miniaudio,auto
a,miraheze,channelmgnt,mirahezebots,channelmgnt,auto
a,misp,misp,misp-project,misp,auto
a,mobile_detect_project,mobile_detect,mobiledetect,mobiledetect,auto
a,mod_auth_openidc_project,mod_auth_openidc,openidc,mod_auth_openidc,auto
a,modal_dialog_project,modal_dialog,ylefebvre,modal_dialog,auto
a,modpagespeed,mod_pagespeed,google,mod_pagespeed,auto
a,modsecurity,modsecurity,owasp,modsecurity,auto
a,monitorr_project,monitorr,monitorr,monitorr,auto
a,monster_menus_module_project,monster_menus,monster_menus_project,monster_menus,auto
a,monsterinsights,user_feedback,monsterinsights,userfeedback,auto
a,moshe_weitzman,organic_groups,organic_groups_project,organic_groups,auto
a,mp3gain,mp3gain,glensawyer,mp3gain,auto
a,mp3gain_project,mp3gain,glensawyer,mp3gain,auto
a,mpl-publisher_project,mpl-publisher,mpl-publisher,mpl-publisher,auto
a,music_class_enrollment_system_project,music_class_enrollment_system,oretnom23,music_class_enrollment_system,auto
a,mybboard,mybb,mybb,mybb,auto
a,mycred,mycred,wpexperts,mycred,auto
a,mycurator_content_curation_project,mycurator_content_curation,target-info,mycurator_content_curation,auto
a,myks,websockets,websockets_project,websockets,auto
a,mysiteforme_project,mysiteforme,wangl1989,mysiteforme,auto
a,mzautomation,libiec61850,mz-automation,libiec61850,auto
a,naga_project,naga,gfx-rs,naga,auto
a,nats,nats_server,linuxfoundation,nats-server,auto
a,naxsi_project,naxsi,wargio,naxsi,auto
a,nayemhowlader,sup_online_shopping,nayem-howlader,sup_online_shopping,auto
a,nested_pages_project,nested_pages,kylephillips,nested_pages,auto
a,netatalk_project,netatalk,netatalk,netatalk,auto
a,netbox_project,netbox,netbox,netbox,auto
a,netfortis,trixbox,netfortris,trixbox,auto
a,netiq,analysis_center,microfocus,analysis_center,auto
a,netiq,appmanager_agent,microfocus,appmanager_agent,auto
a,netiq,appmanager_console,microfocus,appmanager_console,auto
a,netiq,appmanager_control_center,microfocus,appmanager_control_center,auto
a,netiq,appmanager_diagnostic_console,microfocus,appmanager_diagnostic_console,auto
a,netiq,appmanager_management_server,microfocus,appmanager_management_server,auto
a,netiq,appmanager_repository_installation,microfocus,appmanager_repository_installation,auto
a,netiq,appmanager_repository_slovenia_qdb,microfocus,appmanager_repository_slovenia_qdb,auto
a,netiq,appmanager_web_management_server,microfocus,appmanager_web_management_server,auto
a,netiq,namespace_server,microfocus,namespace_server,auto
a,netiq,privileged_user_manager,microfocus,privileged_user_manager,auto
a,netiq,secure_configuration_manager,microfocus,secure_configuration_manager,auto
a,netiq,security_manager_agent,microfocus,security_manager_agent,auto
a,netiq,security_manager_log_archive_resource_kit,microfocus,security_manager_log_archive_resource_kit,auto
a,netiq,security_manager_reporting,microfocus,security_manager_reporting,auto
a,netiq,security_solutions_for_iseries,microfocus,security_solutions_for_iseries,auto
a,netiq,self_service_password_reset,microfocus,self_service_password_reset,auto
a,netiq,sentinel_agent_manager,microfocus,sentinel_agent_manager,auto
a,netiq,snmp_trap_receiver,microfocus,snmp_trap_receiver,auto
a,netiq,unix_agent_manager,microfocus,unix_agent_manager,auto
a,netiq,unix_manager,microfocus,unix_manager,auto
a,netty_project,netty,netty,netty,auto
a,news_portal_project,news_portal,phpgurukul,news_portal,auto
a,ngiflib_project,ngiflib,miniupnp_project,ngiflib,auto
a,nginx,nginx,f5,nginx,auto
a,nicmx,fort-validator,nicmx,fort_validator,auto
a,ninjaforms,ninjaforms,ninjaforms,ninja_forms,auto
a,nitro,nitro_pro,gonitro,nitro_pro,auto
a,nitro_software,nitro_pro,gonitro,nitro_pro,auto
a,notation-go_project,notation-go,notaryproject,notation-go,auto
a,nothings,stb,stb_project,stb,auto
a,novel-plus_project,novel-plus,xxyopen,novel-plus,auto
a,novell,netware,microfocus,netware,auto
a,nsauditor,spotauditor,nsasoft,spotauditor,auto
a,nvida,federated_learning_application_runtime_environment,nvidia,federated_learning_application_runtime_environment,auto
a,objectfirst,objectfirst,objectfirst,object_first,auto
a,objective_development,little_snitch,obdev,little_snitch,auto
a,ogmacms,ogma_cms,digimute,ogma_cms,auto
a,old_age_home_management_system_project,old_age_home_management_system,phpgurukul,old_age_home_management_system,auto
a,onefilecms_project,onefilecms,onefilecms,onefilecms,auto
a,onenav_project,onenav,onenav,onenav,auto
a,online_birth_certificate_management_system_project,online_birth_certificate_management_system,oretnom23,online_birth_certificate_management_system,auto
a,online_birth_certificate_system_project,online_birth_certificate_system,phpgurukul,online_birth_certificate_system,auto
a,online_car_wash_booking_system_project,online_car_wash_booking_system,oretnom23,online_car_wash_booking_system,auto
a,online_computer_and_laptop_store_project,online_computer_and_laptop_store,oretnom23,online_computer_and_laptop_store,auto
a,online_discussion_forum_site_project,online_discussion_forum_site,razormist,online_discussion_forum_site,auto
a,online_dj_booking_management_system_project,online_dj_booking_management_system,phpgurukul,online_dj_booking_management_system,auto
a,online_eyewear_shop_project,online_eyewear_shop,oretnom23,online_eyewear_shop,auto
a,online_learning_system_project,online_learning_system,oretnom23,online_learning_system,auto
a,online_medicine_ordering_system_project,online_medicine_ordering_system,oretnom23,online_medicine_ordering_system,auto
a,online_security_guards_hiring_system_project,online_security_guards_hiring_system,phpgurukul,online_security_guards_hiring_system,auto
a,online_traffic_offense_management_system_project,online_traffic_offense_management_system,campcodes,online_traffic_offense_management_system,auto
a,opart,multi_html_block,store-opart,multi_html_block,auto
a,open.edx,edx-platform,edx,edx-platform,auto
a,open_graph_metabox_project,open_graph_metabox,underdock,open_graph_metabox,auto
a,openjpeg,openjpeg,uclouvain,openjpeg,auto
a,openjsf,\@fastify\/middie,fastify,fastify\/middie,auto
a,opensid,opensid,opendesa,opensid,auto
a,opensolution,quick_cart,opensolution,quick.cart,auto
a,openssh,openssh,openbsd,openssh,auto
a,openswan,openswan,xelerance,openswan,auto
a,openzeppelin,contracts-upgradeable,openzeppelin,contracts_upgradeable,auto
a,openzeppelin,openzeppelin-contracts-upgradeable,openzeppelin,openzeppelin_contracts-upgradeable,auto
a,optipng,optipng,optipng_project,optipng,auto
a,oracle,"complex_maintenance\,_repair\,_and_overhaul",oracle,complex_maintenance_repair_and_overhaul,auto
a,oracle,javase,oracle,java_se,auto
a,oracle,peoplesoft_enterprise_people_tools,oracle,peoplesoft_enterprise_peopletools,auto
a,orcacle,retail_point-of-service,oracle,retail_point-of-service,auto
a,orcacle,webcenter_sites,oracle,webcenter_sites,auto
a,osquery,osquery,linuxfoundation,osquery,auto
a,osticket,osticket,enhancesoft,osticket,auto
a,oswald_buddenhagen,isync,isync_project,isync,auto
a,other.media,browser_back_button,browser_back_button_project,browser_back_button,auto
a,otr,pidgin-otr,cypherpunks,pidgin-otr,auto
a,paessler_ag,prtg_network_monitor,paessler,prtg_network_monitor,auto
a,paidmembershipspro,paid_memberships_pro,strangerstudios,paid_memberships_pro,auto
a,pango,pango,gnome,pango,auto
a,park_ticketing_management_system_project,park_ticketing_management_system,phpgurukul,park_ticketing_management_system,auto
a,parsedown_project,parsedown,parsedown,parsedown,auto
a,pcvuesolutions,pcvue,arcinfo,pcvue,auto
a,pegasystems,pega_platform,pega,pega_platform,auto
a,perl5-dbi,dbd-mysql,dbd-mysql_project,dbd-mysql,auto
a,peter_butler,timthumb_vulnerability_scanner,peterbutler,timthumb_vulnerability_scanner,auto
a,pgbouncer_project,pgbouncer,pgbouncer,pgbouncer,auto
a,pharmacy_management_project,pharmacy_management,code-projects,pharmacy_management,auto
a,phillip_lougher,squashfs,squashfs_project,squashfs,auto
a,phillips,intellispace_cardiovascular,philips,intellispace_cardiovascular,auto
a,phillips,xcelera,philips,xcelera,auto
a,php,comoblog,comoblog_project,comoblog,auto
a,php,phorum,phorum,phorum,auto
a,php-nuke,php-nuke,phpnuke,php-nuke,auto
a,phpgurukul,hospital_management_system_in_php,projectworlds,hospital_management_system_in_php,auto
a,phpnuke,phpnuke,phpnuke,php-nuke,auto
a,phpspreadsheet_project,phpspreadsheet,phpoffice,phpspreadsheet,auto
a,pingidentity,mod_auth_openidc,openidc,mod_auth_openidc,auto
a,pip-installer,pip,pypa,pip,auto
a,pivotal,cf-release,cloudfoundry,cf-release,auto
a,pivotal,reactor_netty,broadcom,reactor_netty,auto
a,pivotal,spring_web_flow,broadcom,spring_web_flow,auto
a,pivotal_software,cloud_foundry_uaa_bosh,cloudfoundry,cloud_foundry_uaa_bosh,auto
a,pivotal_software,spring_batch,broadcom,spring_batch,auto
a,pivotal_software,spring_boot,vmware,spring_boot,auto
a,pivotal_software,spring_data_commons,broadcom,spring_data_commons,auto
a,pivotal_software,spring_data_rest,vmware,spring_data_rest,auto
a,pivotal_software,spring_framework,vmware,spring_framework,auto
a,pivotal_software,spring_integration,vmware,spring_integration,auto
a,pivotal_software,spring_web_services,broadcom,spring_web_services,auto
a,placement_management_system_project,placement_management_system,angeljudesuarez,placement_management_system,auto
a,playsms_project,playsms,playsms,playsms,auto
a,plexus-archiver_project,plexus-archiver,codehaus-plexus,plexus-archiver,auto
a,plexus-utils_project,plexus-utils,codehaus-plexus,plexus-utils,auto
a,pool_of_bethesda_online_reservation_system_project,pool_of_bethesda_online_reservation_system,janobe,pool_of_bethesda_online_reservation_system,auto
a,portfoliocms_prokect,portfoliocms,portfoliocms_project,portfoliocms,auto
a,portlandlabs,concrete_cms,concretecms,concrete_cms,auto
a,postgresql,pgadmin_4,pgadmin,pgadmin_4,auto
a,postsrsd_prject,postsrsd,postsrsd_project,postsrsd,auto
a,prestashop,opartlimitquantity,store-opart,op\'art_limit_quantity,auto
a,profilegrid,profilegrid,metagauss,profilegrid,auto
a,profilepress,profilepress,properfraction,profilepress,auto
a,progress,whatsupgold,progress,whatsup_gold,auto
a,project-redcap,redcap,vanderbilt,redcap,auto
a,projectpier_project,projectpier,projectpier,projectpier,auto
a,proxmov,virtual_environment,proxmox,virtual_environment,auto
a,psensor_project,psensor,wpitchoune,psensor,auto
a,pswitch,imail,ipswitch,imail,auto
a,publify_project,publify,publify,publify,auto
a,puppetlabs,facter,puppet,facter,auto
a,puppetlabs,hiera,puppet,hiera,auto
a,puppetlabs,marionette-collective,puppet,marionette_collective,auto
a,puppetlabs,puppet,puppet,puppet,auto
a,puppetlabs,puppet_dashboard,puppet,puppet_dashboard,auto
a,puppetlabs,puppet_enterprise,puppet,puppet_enterprise,auto
a,puppetlabs,puppet_server,puppet,puppet_server,auto
a,puppetlabs,stdlib,puppet,stdlib,auto
a,pydantic_project,pydantic,pydantic,pydantic,auto
a,pymatgen,pymatgen,materialsvirtuallab,pymatgen,auto
a,pymdown_extensions_project,pymdown_extensions,facelessuser,pymdown_extensions,auto
a,python,pycryptodome,pycryptodome,pycryptodome,auto
a,python,pykerberos,apple,pykerberos,auto
a,pytorchlightning,pytorch_lightning,lightningai,pytorch_lightning,auto
a,pywin32_project,pywin32,mhammond,pywin32,auto
a,pyyaml_project,pyyaml,pyyaml,pyyaml,auto
a,qurl,dynamic_widgets,vivwebsolutions,dynamic_widgets,auto
a,radiustheme,post_grid,pickplugins,post_grid,auto
a,raitan,commandcenter_secure_gateway,raritan,commandcenter_secure_gateway,auto
a,rand_project,rand,rust-random,rand,auto
a,readstat_project,readstat,wizardmac,readstat,auto
a,real,realplayer,realnetworks,realplayer,auto
a,realtime-projects,quixplorer,quixplorer_project,quixplorer,auto
a,redhat,kon2,ishikawa_mutsumi,kon2,auto
a,redhat,libtirpc,libtirpc_project,libtirpc,auto
a,redhat,policycoreutils,selinuxproject,policycoreutils,auto
a,redhat,spice-gtk,spice-gtk_project,spice-gtk,auto
a,registrationmagic,registrationmagic,metagauss,registrationmagic,auto
a,related_youtube_videos_project,related_youtube_videos,meomundo,related_youtube_videos,auto
a,rengine_project,rengine,yogeshojha,rengine,auto
a,responsive,responsive_menu,expresstech,responsive_menu,auto
a,responsive_hotel_site_project,responsive_hotel_site,fabian,responsive_hotel_site,auto
a,restaurant_pos_system_project,restaurant_pos_system,codeastro,restaurant_pos_system,auto
a,retro_basketball_shoes_online_store_project,retro_basketball_shoes_online_store,campcodes,retro_basketball_shoes_online_store,auto
a,riot-os,riot,riot_project,riot,auto
a,robocode_project,robocode,robocode,robocode,auto
a,rpm-software-management_project,yum-utils,rpm,yum-utils,auto
a,rsa,bsafe_cert-c,dell,bsafe_cert-c,auto
a,rsa,bsafe_cert-j,dell,bsafe_cert-j,auto
a,rsa,bsafe_crypto-c,dell,bsafe_crypto-c,auto
a,rsa,bsafe_crypto-j,dell,bsafe_crypto-j,auto
a,rsa,bsafe_ssl-j,dell,bsafe_ssl-j,auto
a,rsshub_project,rsshub,rsshub,rsshub,auto
a,rsvpmaker_project,rsvpmaker,carrcommunications,rsvpmaker,auto
a,rufus_project,rufus,akeo,rufus,auto
a,safe_svg_project,safe_svg,10up,safe_svg,auto
a,sandboxie,sandboxie,sandboxie-plus,sandboxie,auto
a,sap,gardener,gardener,gardener,auto
a,schneider-electric,wonderware_system_platform,aveva,wonderware_system_platform,auto
a,schneider_electric,modbus_driver_suite,schneider-electric,modbus_driver_suite,auto
a,schneider_electric,modbus_serial_driver,schneider-electric,modbus_serial_driver,auto
a,schneider_electric,u.motion,schneider-electric,u.motion,auto
a,schneider_electric,wonderware_archestra_logger,schneider-electric,wonderware_archestra_logger,auto
a,schneider_electric,wonderware_intelligence,schneider-electric,wonderware_intelligence,auto
a,schneider_electric,wonderware_intouch_2014,schneider-electric,wonderware_intouch_2014,auto
a,scilico,i-librarian,scilico,"i\,_librarian",auto
a,se,c-bus_toolkit,schneider-electric,c-bus_toolkit,auto
a,se,ecostruxure_building_operation,schneider-electric,ecostruxure_building_operation,auto
a,se,ecostruxure_control_expert,schneider-electric,ecostruxure_control_expert,auto
a,se,ecostruxure_it_gateway,schneider-electric,ecostruxure_it_gateway,auto
a,se,ecostruxure_machine_expert,schneider-electric,ecostruxure_machine_expert,auto
a,se,ecostruxure_power_build_-_rapsody,schneider-electric,ecostruxure_power_build_-_rapsody,auto
a,se,enterprise_server_installer,schneider-electric,enterprise_server_installer,auto
a,se,operator_terminal_expert_runtime,schneider-electric,operator_terminal_expert_runtime,auto
a,se,os_loader,schneider-electric,os_loader,auto
a,se,proface_gp-pro_ex_ex-ed,schneider-electric,proface_gp-pro_ex_ex-ed,auto
a,se,proface_gp-pro_ex_pfxexedls,schneider-electric,proface_gp-pro_ex_pfxexedls,auto
a,se,proface_gp-pro_ex_pfxexedv,schneider-electric,proface_gp-pro_ex_pfxexedv,auto
a,se,proface_gp-pro_ex_pfxexgrpls,schneider-electric,proface_gp-pro_ex_pfxexgrpls,auto
a,se,somachine,schneider-electric,somachine,auto
a,se,somachine_basic,schneider-electric,somachine_basic,auto
a,se,somachine_hvac,schneider-electric,somachine_hvac,auto
a,se,somachine_motion,schneider-electric,somachine_motion,auto
a,se,sosafe_configurable,schneider-electric,sosafe_configurable,auto
a,se,tristation_1131,schneider-electric,tristation_1131,auto
a,se,vijeo_designer,schneider-electric,vijeo_designer,auto
a,se,webreports,schneider-electric,webreports,auto
a,seraphinitesolutions,seraphinite_accelerator,s-sols,seraphinite_accelerator,auto
a,serv-u,serv-u,solarwinds,serv-u,auto
a,shaosina,sina_extension_for_elementor,sinaextra,sina_extension_for_elementor,auto
a,share_this_image_project,share_this_image,wp-unit,share_this_image,auto
a,sharpcompress_project,sharpcompress,adamhathcock,sharpcompress,auto
a,shopping_website_project,shopping_website,sanchitkmr,shopping_website,auto
a,silver-peak,vx-1000,arubanetworks,vx-1000,auto
a,silver-peak,vx-2000,arubanetworks,vx-2000,auto
a,silver-peak,vx-3000,arubanetworks,vx-3000,auto
a,silver-peak,vx-500,arubanetworks,vx-500,auto
a,silver-peak,vx-5000,arubanetworks,vx-5000,auto
a,silver-peak,vx-6000,arubanetworks,vx-6000,auto
a,silver-peak,vx-7000,arubanetworks,vx-7000,auto
a,silver-peak,vx-8000,arubanetworks,vx-8000,auto
a,silver-peak,vx-9000,arubanetworks,vx-9000,auto
a,simon_tatham,putty,putty,putty,auto
a,simple_ajax_chat_project,simple_ajax_chat,plugin-planet,simple_ajax_chat,auto
a,simple_cold_storage_management_system_project,simple_cold_storage_management_system,oretnom23,simple_cold_storage_management_system,auto
a,simple_customer_relationship_management_system_project,simple_customer_relationship_management_system,oretnom23,simple_customer_relationship_management_system,auto
a,simple_giveaways_project,simple_giveaways,ibenic,simple_giveaways,auto
a,simple_music_cloud_community_system_project,simple_music_cloud_community_system,oretnom23,simple_music_cloud_community_system,auto
a,simple_online_mens_salon_management_system_project,simple_online_mens_salon_management_system,oretnom23,simple_online_men\'s_salon_management_system,auto
a,simple_responsive_tourism_website_project,simple_responsive_tourism_website,oretnom23,simple_responsive_tourism_website,auto
a,simple_subscription_website_project,simple_subscription_website,oretnom23,simple_subscription_website,auto
a,sitaram_chamarty,gitolite,gitolite,gitolite,auto
a,slf4j,slf4j,qos,slf4j,auto
a,slidebits_project,slidebitstoken,slidebitstoken_project,slidebitstoken,auto
a,smartdns_project,smartdns,pymumu,smartdns,auto
a,soundexchange,sound_exchange,sound_exchange_project,sound_exchange,auto
a,sourcecodester,online_grading_system,online_grading_system_project,online_grading_system,auto
a,sourcecodester,pisay_online_e-learning_system,pisay_online_e-learning_system_project,pisay_online_e-learning_system,auto
a,sphider-plus,sphider_plus,sphider-plus,sphider-plus,auto
a,sphiderpro,sphiderpro,sphiderpro,sphider_pro,auto
a,spice_project,spice-gtk,spice-gtk_project,spice-gtk,auto
a,springblade_project,springblade,bladex,springblade,auto
a,springsignage,xibo,xibosignage,xibo,auto
a,springsource,spring_framework,vmware,spring_framework,auto
a,square,okhttp,squareup,okhttp,auto
a,square,squalor,squaredup,squalor,auto
a,sticky_notes_app_project,sticky_notes_app,remyandrade,sticky_notes_app,auto
a,stivasoft,phpjabbers_appointment_scheduler,onlineonly,phpjabbers_appointment_scheduler,auto
a,store-opart,quote,dtolnay,quote,auto
a,streamlit,streamlit,snowflake,streamlit,auto
a,student_study_center_desk_management_system_project,student_study_center_desk_management_system,oretnom23,student_study_center_desk_management_system,auto
a,student_study_center_management_system_project,student_study_center_management_system,phpgurukul,student_study_center_management_system,auto
a,subscribe_to_comments_project,subscribe_to_comments,markjaquith,subscribe_to_comments,auto
a,superjson_project,superjson,blitzjs,superjson,auto
a,swayvm,swaylock,swaywm,swaylock,auto
a,swftools_project,swftools,swftools,swftools,auto
a,synology,drive,google,drive,auto
a,table_of_contents_plus_project,table_of_contents_plus,dublue,table_of_contents_plus,auto
a,tarassych,anonymous_restricted_content,cayenne,anonymous_restricted_content,auto
a,tcpreplay,tcpreplay,broadcom,tcpreplay,auto
a,teachers_record_management_system_project,teachers_record_management_system,phpgurukul,teachers_record_management_system,auto
a,telerik,kendo_ui_for_vue,progress,kendo_ui_for_vue,auto
a,telerik,kendoreact,progress,kendoreact,auto
a,telerik,sitefinity_cms,progress,sitefinity_cms,auto
a,tensorflow,tensorflow,google,tensorflow,auto
a,teslamate_project,teslamate,teslamate,teslamate,auto
a,theethereumlottery,theethereumlottery,theethereumlottery,the_ethereum_lottery,auto
a,thehive-project,thehive,strangebee,thehive,auto
a,themecheck,enhanced_text_widget,inisev,enhanced_text_widget,auto
a,themecheck,ultimate_posts_widget,inisev,ultimate_posts_widget,auto
a,thirstyaffiliates,thirstyaffiliates_affiliate_link_manager,caseproof,thirstyaffiliates_affiliate_link_manager,auto
a,timg_project,timg,hzeller,timg,auto
a,tiny_file_manager_project,tiny_file_manager,prasathmani,tiny_file_manager,auto
a,tinyfilemanager_project,tinyfilemanager,prasathmani,tiny_file_manager,auto
a,tobias_bathge,wp-table_reloaded,wp-table_reloaded_project,wp-table_reloaded,auto
a,tokio_project,tokio,tokio,tokio,auto
a,torrentflux,torrentflux,torrentflux_project,torrentflux,auto
a,tracker-software,pdf-tools,pdf-xchange,pdf-tools,auto
a,tracker-software,pdf-xchange_editor,pdf-xchange,pdf-xchange_editor,auto
a,trend_micro,endpoint_sensor,trendmicro,endpoint_sensor,auto
a,trend_micro,hijackthis,trendmicro,hijackthis,auto
a,trend_micro,interscan_web_security_suite,trendmicro,interscan_web_security_suite,auto
a,trend_micro,interscan_web_security_virtual_appliance,trendmicro,interscan_web_security_virtual_appliance,auto
a,trendmicro,business_security,avast,business_security,auto
a,tresys,refpolicy,selinuxproject,refpolicy,auto
a,tri,event_tickets,liquidweb,event_tickets,auto
a,tri,the_events_calendar,stellarwp,the_events_calendar,auto
a,tribulant,newsletter,thenewsletterplugin,newsletter,auto
a,trilium_project,trilium,triliumnotes,trilium,auto
a,trustwallet,trust_wallet,binance,trust_wallet,auto
a,trustwave,modsecurity,owasp,modsecurity,auto
a,tuleap,tuleap,enalean,tuleap,auto
a,twistedmatrix,twisted,twisted,twisted,auto
a,uaelementor,ultimate_addons_for_elementor,brainstormforce,ultimate_addons_for_elementor,auto
a,ubnt,unifi,ui,unifi,auto
a,ubnt,unifi_controller,ui,unifi_controller,auto
a,ubnt,unifi_video,ui,unifi_video,auto
a,ubuntu_developers,apt-xapian-index,canonical,apt-xapian-index,auto
a,ukg,vault-cli,vault-cli_project,vault-cli,auto
a,umbraco,umbracoforms,umbraco,umbraco_forms,auto
a,unace_project,unace,winace,unace,auto
a,unbound_project,unbound,nlnetlabs,unbound,auto
a,upx_project,upx,upx,upx,auto
a,urllib3,urllib3,python,urllib3,auto
a,user_registration_\&_login_and_user_management_system_project,user_registration_\&_login_and_user_management_system,phpgurukul,user_registration_\&_login_and_user_management_system,auto
a,usermeta,user_meta_user_profile_builder_and_user_management,user-meta,user_meta_user_profile_builder_and_user_management,auto
a,util-linux_project,util-linux,kernel,util-linux,auto
a,uyuni_project,uyuni,uyuni-project,uyuni,auto
a,valve,dota_2,valvesoftware,dota_2,auto
a,vapor_project,vapor,vapor,vapor,auto
a,veracrypt,veracrypt,idrix,veracrypt,auto
a,video_conferencing_with_zoom_project,video_conferencing_with_zoom,imdpen,video_conferencing_with_zoom,auto
a,vmare,vrealize_operations_manager,vmware,vrealize_operations_manager,auto
a,vmware,velocloud_orchestrator,arista,velocloud_orchestrator,auto
a,vyper_project,vyper,vyperlang,vyper,auto
a,w1.f1,hostapd,w1.fi,hostapd,auto
a,w3m_project,w3m,tats,w3m,auto
a,wafer,webmatic,valarsoft,webmatic,auto
a,warhammer,wp_custom_fields_search,webhammer,wp_custom_fields_search,auto
a,wayne_allen,postie,postieplugin,postie,auto
a,wdc,arkeia_virtual_appliance,westerndigital,arkeia_virtual_appliance,auto
a,wdc,fat32_formatter,westerndigital,fat32_formatter,auto
a,wdc,my_cloud,westerndigital,my_cloud,auto
a,wdc,smartware,westerndigital,smartware,auto
a,wdc,software_upgrader,westerndigital,software_upgrader,auto
a,wdc,wd_my_cloud,westerndigital,wd_my_cloud,auto
a,webcreate,webforum,kent-web,web_forum,auto
a,webhammer,wp-custom-fields-search,webhammer,wp_custom_fields_search,auto
a,webport_project,webport,webport,web_port,auto
a,wedevs,dokan,dokan,dokan,auto
a,wolfcms,wolfcms,wolfcms,wolf_cms,auto
a,woo,product_vendors,woocommerce,product_vendors,auto
a,woocommerce_vietnam_checkout_project,woocommerce_vietnam_checkout,levantoan,woocommerce_vietnam_checkout,auto
a,wootsify,sites_library,woostify,sites_library,auto
a,wp-advanced-search_project,wp-advanced-search,internet-formation,wp-advanced-search,auto
a,wp-events-plugin,events_manager,pixelite,events_manager,auto
a,wp-members_project,wp-members,butlerblog,wp-members,auto
a,wp-social-bookmarking-light_project,wp-social-bookmarking-light,wp_social_bookmarking_light_project,wp_social_bookmarking_light,auto
a,wp_affiliate_platform_project,wp_affiliate_platform,tipsandtricks-hq,wp_affiliate_platform,auto
a,wp_attachments_project,wp_attachments,marcomilesi,wp_attachments,auto
a,wp_ban_project,wp_ban,wp-ban_project,wp-ban,auto
a,wp_mail_catcher_project,wp_mail_catcher,jamesward,wp_mail_catcher,auto
a,wp_ulike_project,wp_ulike,technowich,wp_ulike,auto
a,wpgraphql,wpgraphql,wpengine,wpgraphql,auto
a,wphive,wordpress_related_posts,sovrn,wordpress_related_posts,auto
a,wphive,wp-curriculo_vitae_free,williamluis,wp-curriculo_vitae_free,auto
a,wpmobile.app_project,wpmobile.app,amauri,wpmobile.app,auto
a,wppopupmaker,popup_maker,code-atlantic,popup_maker,auto
a,wptablebuilder,wp_table_builder,dotcamp,wp_table_builder,auto
a,wpulike,wp_ulike,technowich,wp_ulike,auto
a,ws-rs,ws-rs,ws-rs_project,ws-rs,auto
a,wuzhicms,wuzhi_cms,wuzhicms,wuzhicms,auto
a,x,libxi,x.org,libxi,auto
a,x,x_server,x.org,x_server,auto
a,x-cart,x-cart,qualiteam,x-cart,auto
a,x-stream,xstream,xstream,xstream,auto
a,x2crm,x2crm,x2engine,x2crm,auto
a,xgenecloud,nocodb,nocodb,nocodb,auto
a,xiph,libvorbis,xiph.org,libvorbis,auto
a,xrdp,xrdp,neutrinolabs,xrdp,auto
a,xstream_project,xstream,xstream,xstream,auto
a,xt-commerce,xt\:commerce,xt-commerce,xt-commerce,auto
a,yaml,pyyaml,pyyaml,pyyaml,auto
a,yandex,clickhouse,clickhouse,clickhouse,auto
a,yannicklefebvre,community_events,community_events_project,community_events,auto
a,yard_radius,yard_radius,yard_radius_project,yard_radius,auto
a,yukassa,yukassa_for_woocommerce,yookassa,yukassa_for_woocommerce,auto
a,zetacomponenets,mvctools,zetacomponents,mvctools,auto
a,zimbra,zimbra_collaboration_suite,synacor,zimbra_collaboration_suite,auto
a,zkeacms,zkeacms,zkea,zkeacms,auto
a,zlmediakit_project,zlmediakit,zlmediakit,zlmediakit,auto
a,zmartzone,mod_auth_openidc,openidc,mod_auth_openidc,auto
a,zohocorp,network_configuration_manager,solarwinds,network_configuration_manager,auto
a,zoo_management_system_project,zoo_management_system,phpgurukul,zoo_management_system,auto
a,zulip,zulip_desktop,zulipchat,zulip_desktop,auto
a,zziplib_project,zziplib,gdraheim,zziplib,auto
h,abb,fox515t,hitachienergy,fox515t,auto
h,abb,fox615_tego1,hitachienergy,fox615_tego1,auto
h,abb,gms600,hitachienergy,gms600,auto
h,abb,microscada_pro_sys600,hitachienergy,microscada_pro_sys600,auto
h,abb,modular_switchgear_monitoring,hitachienergy,modular_switchgear_monitoring,auto
h,abb,pcm600,hitachienergy,pcm600,auto
h,abb,pwc600,hitachienergy,pwc600,auto
h,abb,reb500,hitachienergy,reb500,auto
h,abb,relion_630,hitachienergy,relion_630,auto
h,abb,relion_650,hitachienergy,relion_650,auto
h,abb,relion_670,hitachienergy,relion_670,auto
h,abb,relion_sam600-io,hitachienergy,relion_sam600-io,auto
h,abb,rtu500,hitachienergy,rtu500,auto
h,abb,sys600,hitachienergy,sys600,auto
h,abb,txpert_hub_coretec_4,hitachienergy,txpert_hub_coretec_4,auto
h,abb,txpert_hub_coretec_5,hitachienergy,txpert_hub_coretec_5,auto
h,apple,ipad_mini-,apple,ipad_mini,auto
h,arris,sbg901,motorola,sbg901,auto
h,aruba,cx_6200f,arubanetworks,cx_6200f,auto
h,aruba,cx_6300,arubanetworks,cx_6300,auto
h,aruba,cx_6400,arubanetworks,cx_6400,auto
h,aruba,cx_8320,arubanetworks,cx_8320,auto
h,aruba,cx_8325,arubanetworks,cx_8325,auto
h,aruba,cx_8400,arubanetworks,cx_8400,auto
h,brickom,fb-100ap,brickcom,fb-100ap,auto
h,brickom,md-100ap,brickcom,md-100ap,auto
h,brickom,ob-100ae,brickcom,ob-100ae,auto
h,brickom,osd-040e,brickcom,osd-040e,auto
h,brickom,wcb-100ap,brickcom,wcb-100ap,auto
h,brickom,wfb-100ap,brickcom,wfb-100ap,auto
h,cisco,email_security_appliance_c390_,cisco,email_security_appliance_c390,auto
h,cisco,email_security_appliance_c670_,cisco,email_security_appliance_c670,auto
h,cisco,email_security_appliance_c680_,cisco,email_security_appliance_c680,auto
h,comtechefdata,h8_heights_remote_gateway,comtech,h8_heights_remote_gateway,auto
h,comtechtel,h8_heights_remote_gateway,comtech,h8_heights_remote_gateway,auto
h,comtechtel,stampede_fx-1010,comtech,stampede_fx-1010,auto
h,creston,dm-txrx-100-str,crestron,dm-txrx-100-str,auto
h,creston,dmc-stro,crestron,dmc-stro,auto
h,cuby,lt400,cudy,lt400,auto
h,d-link,covr-2600r,dlink,covr-2600r,auto
h,d-link,covr-3902,dlink,covr-3902,auto
h,d-link,dap-1320,dlink,dap-1320,auto
h,d-link,dap-1350,dlink,dap-1350,auto
h,d-link,dap-1353_h\/w_b1,dlink,dap-1353_h\/w_b1,auto
h,d-link,dap-1360,dlink,dap-1360,auto
h,d-link,dap-1360_revision_f,dlink,dap-1360_revision_f,auto
h,d-link,dap-1520,dlink,dap-1520,auto
h,d-link,dap-1522,dlink,dap-1522,auto
h,d-link,dap-1530,dlink,dap-1530,auto
h,d-link,dap-1610,dlink,dap-1610,auto
h,d-link,dap-2020,dlink,dap-2020,auto
h,d-link,dap-2230,dlink,dap-2230,auto
h,d-link,dap-2310,dlink,dap-2310,auto
h,d-link,dap-2330,dlink,dap-2330,auto
h,d-link,dap-2360,dlink,dap-2360,auto
h,d-link,dap-2553,dlink,dap-2553,auto
h,d-link,dap-2553_h\/w_a1,dlink,dap-2553_h\/w_a1,auto
h,d-link,dap-2660,dlink,dap-2660,auto
h,d-link,dap-2690,dlink,dap-2690,auto
h,d-link,dap-2695,dlink,dap-2695,auto
h,d-link,dap-3320,dlink,dap-3320,auto
h,d-link,dap-3520_h\/w_a1,dlink,dap-3520_h\/w_a1,auto
h,d-link,dap-3662,dlink,dap-3662,auto
h,d-link,dap_1150,dlink,dap_1150,auto
h,d-link,dch-m225,dlink,dch-m225,auto
h,d-link,dcm-604,dlink,dcm-604,auto
h,d-link,dcm-704,dlink,dcm-704,auto
h,d-link,dcs-1100,dlink,dcs-1100,auto
h,d-link,dcs-1130,dlink,dcs-1130,auto
h,d-link,dcs-2102,dlink,dcs-2102,auto
h,d-link,dcs-2121,dlink,dcs-2121,auto
h,d-link,dcs-2132l,dlink,dcs-2132l,auto
h,d-link,dcs-2136l,dlink,dcs-2136l,auto
h,d-link,dcs-2210l,dlink,dcs-2210l,auto
h,d-link,dcs-2230l,dlink,dcs-2230l,auto
h,d-link,dcs-2310l,dlink,dcs-2310l,auto
h,d-link,dcs-2330l,dlink,dcs-2330l,auto
h,d-link,dcs-2332l,dlink,dcs-2332l,auto
h,d-link,dcs-2530l,dlink,dcs-2530l,auto
h,d-link,dcs-2630l,dlink,dcs-2630l,auto
h,d-link,dcs-2750u,dlink,dcs-2750u,auto
h,d-link,dcs-5000l,dlink,dcs-5000l,auto
h,d-link,dcs-5009,dlink,dcs-5009,auto
h,d-link,dcs-5009l,dlink,dcs-5009l,auto
h,d-link,dcs-5010,dlink,dcs-5010,auto
h,d-link,dcs-5010l,dlink,dcs-5010l,auto
h,d-link,dcs-5020l,dlink,dcs-5020l,auto
h,d-link,dcs-5025l,dlink,dcs-5025l,auto
h,d-link,dcs-5029l,dlink,dcs-5029l,auto
h,d-link,dcs-5030l,dlink,dcs-5030l,auto
h,d-link,dcs-5222l,dlink,dcs-5222l,auto
h,d-link,dcs-5222l_,dlink,dcs-5222l,auto
h,d-link,dcs-5222lb1,dlink,dcs-5222lb1,auto
h,d-link,dcs-5605_ptz_ip_network_camera,dlink,dcs-5605_ptz_ip_network_camera,auto
h,d-link,dcs-6010l,dlink,dcs-6010l,auto
h,d-link,dcs-6212l,dlink,dcs-6212l,auto
h,d-link,dcs-7000l,dlink,dcs-7000l,auto
h,d-link,dcs-7010l,dlink,dcs-7010l,auto
h,d-link,dcs-8000lh,dlink,dcs-8000lh,auto
h,d-link,dcs-8100lh,dlink,dcs-8100lh,auto
h,d-link,dcs-820l,dlink,dcs-820l,auto
h,d-link,dcs-825l,dlink,dcs-825l,auto
h,d-link,dcs-855l,dlink,dcs-855l,auto
h,d-link,dcs-930l,dlink,dcs-930l,auto
h,d-link,dcs-931l,dlink,dcs-931l,auto
h,d-link,dcs-932l,dlink,dcs-932l,auto
h,d-link,dcs-933l,dlink,dcs-933l,auto
h,d-link,dcs-934l,dlink,dcs-934l,auto
h,d-link,dcs-936l,dlink,dcs-936l,auto
h,d-link,dcs-942l,dlink,dcs-942l,auto
h,d-link,dcs-942lb1,dlink,dcs-942lb1,auto
h,d-link,dgs-1100-05,dlink,dgs-1100-05,auto
h,d-link,dgs-1100-05pd,dlink,dgs-1100-05pd,auto
h,d-link,dgs-1100-08,dlink,dgs-1100-08,auto
h,d-link,dgs-1100-08p,dlink,dgs-1100-08p,auto
h,d-link,dgs-1100-10mp,dlink,dgs-1100-10mp,auto
h,d-link,dgs-1100-10mpp,dlink,dgs-1100-10mpp,auto
h,d-link,dgs-1100-16,dlink,dgs-1100-16,auto
h,d-link,dgs-1100-18,dlink,dgs-1100-18,auto
h,d-link,dgs-1100-24,dlink,dgs-1100-24,auto
h,d-link,dgs-1100-24p,dlink,dgs-1100-24p,auto
h,d-link,dgs-1100-26,dlink,dgs-1100-26,auto
h,d-link,dgs-1100-26mp,dlink,dgs-1100-26mp,auto
h,d-link,dgs-1500,dlink,dgs-1500,auto
h,d-link,dgs-1500-20,dlink,dgs-1500-20,auto
h,d-link,dgs-1500-28,dlink,dgs-1500-28,auto
h,d-link,dgs-1500-52,dlink,dgs-1500-52,auto
h,d-link,dhp-1565,dlink,dhp-1565,auto
h,d-link,di-524,dlink,di-524,auto
h,d-link,di-524up,dlink,di-524up,auto
h,d-link,di-604\+,dlink,di-604\+,auto
h,d-link,di-604s,dlink,di-604s,auto
h,d-link,di-604up,dlink,di-604up,auto
h,d-link,di-624,dlink,di-624,auto
h,d-link,di-624s,dlink,di-624s,auto
h,d-link,dir-100,dlink,dir-100,auto
h,d-link,dir-120,dlink,dir-120,auto
h,d-link,dir-130,dlink,dir-130,auto
h,d-link,dir-140l,dlink,dir-140l,auto
h,d-link,dir-1935,dlink,dir-1935,auto
h,d-link,dir-2640-us,dlink,dir-2640-us,auto
h,d-link,dir-300,dlink,dir-300,auto
h,d-link,dir-3040,dlink,dir-3040,auto
h,d-link,dir-3060,dlink,dir-3060,auto
h,d-link,dir-330,dlink,dir-330,auto
h,d-link,dir-505l_shareport_mobile_companion,dlink,dir-505l_shareport_mobile_companion,auto
h,d-link,dir-550a,dlink,dir-550a,auto
h,d-link,dir-600,dlink,dir-600,auto
h,d-link,dir-600_b1,dlink,dir-600_b1,auto
h,d-link,dir-600_b2,dlink,dir-600_b2,auto
h,d-link,dir-600_b5,dlink,dir-600_b5,auto
h,d-link,dir-600l,dlink,dir-600l,auto
h,d-link,dir-600m,dlink,dir-600m,auto
h,d-link,dir-600m_c1,dlink,dir-600m_c1,auto
h,d-link,dir-601,dlink,dir-601,auto
h,d-link,dir-604m,dlink,dir-604m,auto
h,d-link,dir-605l,dlink,dir-605l,auto
h,d-link,dir-615,dlink,dir-615,auto
h,d-link,dir-615_t1,dlink,dir-615_t1,auto
h,d-link,dir-615jx10,dlink,dir-615jx10,auto
h,d-link,dir-619l,dlink,dir-619l,auto
h,d-link,dir-620,dlink,dir-620,auto
h,d-link,dir-626l,dlink,dir-626l,auto
h,d-link,dir-636l,dlink,dir-636l,auto
h,d-link,dir-640l,dlink,dir-640l,auto
h,d-link,dir-645,dlink,dir-645,auto
h,d-link,dir-651,dlink,dir-651,auto
h,d-link,dir-652,dlink,dir-652,auto
h,d-link,dir-655,dlink,dir-655,auto
h,d-link,dir-655c,dlink,dir-655c,auto
h,d-link,dir-808l,dlink,dir-808l,auto
h,d-link,dir-809,dlink,dir-809,auto
h,d-link,dir-810l,dlink,dir-810l,auto
h,d-link,dir-815,dlink,dir-815,auto
h,d-link,dir-816,dlink,dir-816,auto
h,d-link,dir-816l,dlink,dir-816l,auto
h,d-link,dir-820l,dlink,dir-820l,auto
h,d-link,dir-822,dlink,dir-822,auto
h,d-link,dir-822-us,dlink,dir-822-us,auto
h,d-link,dir-823,dlink,dir-823,auto
h,d-link,dir-823g,dlink,dir-823g,auto
h,d-link,dir-825,dlink,dir-825,auto
h,d-link,dir-825\/a,dlink,dir-825\/a,auto
h,d-link,dir-825\/gf,dlink,dir-825\/gf,auto
h,d-link,dir-825_rev.b,dlink,dir-825_rev.b,auto
h,d-link,dir-826l,dlink,dir-826l,auto
h,d-link,dir-826l_wireless_n600_cloud_router,dlink,dir-826l_wireless_n600_cloud_router,auto
h,d-link,dir-830l,dlink,dir-830l,auto
h,d-link,dir-836l,dlink,dir-836l,auto
h,d-link,dir-841,dlink,dir-841,auto
h,d-link,dir-845,dlink,dir-845,auto
h,d-link,dir-846,dlink,dir-846,auto
h,d-link,dir-850l,dlink,dir-850l,auto
h,d-link,dir-860l,dlink,dir-860l,auto
h,d-link,dir-865,dlink,dir-865,auto
h,d-link,dir-866l,dlink,dir-866l,auto
h,d-link,dir-867,dlink,dir-867,auto
h,d-link,dir-868l,dlink,dir-868l,auto
h,d-link,dir-868lw,dlink,dir-868lw,auto
h,d-link,dir-880l,dlink,dir-880l,auto
h,d-link,dir-882,dlink,dir-882,auto
h,d-link,dir-885l,dlink,dir-885l,auto
h,d-link,dir-890l,dlink,dir-890l,auto
h,d-link,dir-890l\/r,dlink,dir-890l\/r,auto
h,d-link,dir-895l,dlink,dir-895l,auto
h,d-link,dir-905l,dlink,dir-905l,auto
h,d-link,dir505_shareport_mobile_companion,dlink,dir505_shareport_mobile_companion,auto
h,d-link,dnr-320l,dlink,dnr-320l,auto
h,d-link,dns-320b,dlink,dns-320b,auto
h,d-link,dns-322l,dlink,dns-322l,auto
h,d-link,dsl-2540u,dlink,dsl-2540u,auto
h,d-link,dsl-2640r,dlink,dsl-2640r,auto
h,d-link,dsl-2640t,dlink,dsl-2640t,auto
h,d-link,dsl-2640u,dlink,dsl-2640u,auto
h,d-link,dsl-2641r,dlink,dsl-2641r,auto
h,d-link,dsl-2680,dlink,dsl-2680,auto
h,d-link,dsl-2730b,dlink,dsl-2730b,auto
h,d-link,dsl-2730u,dlink,dsl-2730u,auto
h,d-link,dsl-2740e,dlink,dsl-2740e,auto
h,d-link,dsl-2760u-e1,dlink,dsl-2760u-e1,auto
h,d-link,dsl-2770l,dlink,dsl-2770l,auto
h,d-link,dsl-2875al,dlink,dsl-2875al,auto
h,d-link,dsl-2877al,dlink,dsl-2877al,auto
h,d-link,dsl-3782,dlink,dsl-3782,auto
h,d-link,dsl-7740c,dlink,dsl-7740c,auto
h,d-link,dsl2740u,dlink,dsl2740u,auto
h,d-link,dsp-w215,dlink,dsp-w215,auto
h,d-link,dsr-1000,dlink,dsr-1000,auto
h,d-link,dsr-1000ac,dlink,dsr-1000ac,auto
h,d-link,dsr-1000n,dlink,dsr-1000n,auto
h,d-link,dsr-150,dlink,dsr-150,auto
h,d-link,dsr-150n,dlink,dsr-150n,auto
h,d-link,dsr-250,dlink,dsr-250,auto
h,d-link,dsr-250n,dlink,dsr-250n,auto
h,d-link,dsr-500,dlink,dsr-500,auto
h,d-link,dsr-500ac,dlink,dsr-500ac,auto
h,d-link,dsr-500n,dlink,dsr-500n,auto
h,d-link,dva-2800,dlink,dva-2800,auto
h,d-link,dvg-n5402sp,dlink,dvg-n5402sp,auto
h,d-link,dvg-n5412sp,dlink,dvg-n5412sp,auto
h,d-link,dwl-2600ap,dlink,dwl-2600ap,auto
h,d-link,dwl-3600ap,dlink,dwl-3600ap,auto
h,d-link,dwr-111,dlink,dwr-111,auto
h,d-link,dwr-116,dlink,dwr-116,auto
h,d-link,dwr-116a1,dlink,dwr-116a1,auto
h,d-link,dwr-512,dlink,dwr-512,auto
h,d-link,dwr-555,dlink,dwr-555,auto
h,d-link,dwr-711,dlink,dwr-711,auto
h,d-link,dwr-712,dlink,dwr-712,auto
h,d-link,dwr-921,dlink,dwr-921,auto
h,d-link,dwr-932b,dlink,dwr-932b,auto
h,d-link,dwr-933,dlink,dwr-933,auto
h,d-link,tm-g5240,dlink,tm-g5240,auto
h,edgewater_networks,edgemarc_4550,ribboncommunications,edgemarc_4550,auto
h,edgewater_networks,edgemarc_4552,ribboncommunications,edgemarc_4552,auto
h,edgewater_networks,edgemarc_4601,ribboncommunications,edgemarc_4601,auto
h,edgewater_networks,edgemarc_4700,ribboncommunications,edgemarc_4700,auto
h,edgewater_networks,edgemarc_4750,ribboncommunications,edgemarc_4750,auto
h,edgewater_networks,edgemarc_4800,ribboncommunications,edgemarc_4800,auto
h,edgewater_networks,edgemarc_4806,ribboncommunications,edgemarc_4806,auto
h,edgewater_networks,edgemarc_4808,ribboncommunications,edgemarc_4808,auto
h,edgewater_networks,edgemarc_7301,ribboncommunications,edgemarc_7301,auto
h,edgewater_networks,edgemarc_7400,ribboncommunications,edgemarc_7400,auto
h,ericsson,rx8200,mediakind,rx8200,auto
h,fiberhomegroup,adsl_an1020-25,fiberhome,adsl_an1020-25,auto
h,fiberhomegroup,fengine_28f-s,fiberhome,fengine_28f-s,auto
h,fiberhomegroup,fengine_52f-s,fiberhome,fengine_52f-s,auto
h,fiberhomegroup,fengine_52t-s,fiberhome,fengine_52t-s,auto
h,fiberhomegroup,fengine_s5800-28t-s,fiberhome,fengine_s5800-28t-s,auto
h,fiberhomegroup,fengine_s5800-28t-s-pe,fiberhome,fengine_s5800-28t-s-pe,auto
h,gegridsolutions,d60_line_distance_relay,ge,d60_line_distance_relay,auto
h,hitachi,gms600,hitachienergy,gms600,auto
h,hitachi,pwc600,hitachienergy,pwc600,auto
h,hitachi,relion_650,hitachienergy,relion_650,auto
h,hitachi,relion_670,hitachienergy,relion_670,auto
h,hitachi,relion_sam600-io,hitachienergy,relion_sam600-io,auto
h,hitachi,sys600,hitachienergy,sys600,auto
h,hitachiabb-powergrids,sdm600,hitachienergy,sdm600,auto
h,hp,720s-14ikbr,lenovo,720s-14ikbr,auto
h,hp,xx_chao5000-ikbra,lenovo,xx_chao5000-ikbra,auto
h,hp,yoga_520-14ikb,lenovo,yoga_520-14ikb,auto
h,hp,zhaoyang_k42-80,lenovo,zhaoyang_k42-80,auto
h,hyundai,hyundai,hyundaiusa,hyundai,auto
h,intel,pentium_g3420_,intel,pentium_g3420,auto
h,intel,xeon_gold_6240l_,intel,xeon_gold_6240l,auto
h,juniper,nfx_150,juniper,nfx150,auto
h,juniper,nfx_250,juniper,nfx250,auto
h,korenix,jetnet4510,korenix,jetnet_4510,auto
h,korenix,jetnet4706,korenix,jetnet_4706,auto
h,korenix,jetnet4706f,korenix,jetnet_4706f,auto
h,korenix,jetnet5010,korenix,jetnet_5010,auto
h,korenix,jetnet5018g,korenix,jetnet_5018g,auto
h,korenix,jetnet5310,korenix,jetnet_5310,auto
h,korenix,jetnet5310g,korenix,jetnet_5310g,auto
h,korenix,jetnet5428g-20sfp,korenix,jetnet_5428g-20sfp,auto
h,korenix,jetnet5428g-2g-2fx,korenix,jetnet_5428g-2g-2fx,auto
h,korenix,jetnet5628g,korenix,jetnet_5628g,auto
h,korenix,jetnet5628g-r,korenix,jetnet_5628g-r,auto
h,korenix,jetnet5728g-24p,korenix,jetnet_5728g-24p,auto
h,korenix,jetnet5810g,korenix,jetnet_5810g,auto
h,korenix,jetnet5828g,korenix,jetnet_5828g,auto
h,korenix,jetnet6095,korenix,jetnet_6095,auto
h,korenix,jetnet6710g,korenix,jetnet_6710g,auto
h,korenix,jetnet6710g-hvdc,korenix,jetnet_6710g-hvdc,auto
h,logitec,lan-w300n\/pgrb,logitech,lan-w300n\/pgrb,auto
h,logitec,lan-w300n\/pr5b,logitech,lan-w300n\/pr5b,auto
h,logitec,lan-w300n\/r,logitech,lan-w300n\/r,auto
h,logitec,lan-w300n\/ru2,logitech,lan-w300n\/ru2,auto
h,logitec,lan-wh450n\/gr,logitech,lan-wh450n\/gr,auto
h,martem,telem_gw6,martem,telem-gw6,auto
h,martem,telem_gwm,martem,telem-gwm,auto
h,morpho,mso_1300,idemia,mso_1300,auto
h,qualcomm,ipq8064_,qualcomm,ipq8064,auto
h,rockwellautomation,1756_enbt,rockwellautomation,1756-enbt,auto
h,schneider_electric,homelynk_controller_lss100100,schneider-electric,homelynk_controller_lss100100,auto
h,schneider_electric,magelis_gto_advanced_optimum_panel,schneider-electric,magelis_gto_advanced_optimum_panel,auto
h,schneider_electric,magelis_gtu_universal_panel,schneider-electric,magelis_gtu_universal_panel,auto
h,schneider_electric,magelis_sto5_small__panel,schneider-electric,magelis_sto5_small_panel,auto
h,schneider_electric,magelis_stu_small__panel,schneider-electric,magelis_stu_small_panel,auto
h,schneider_electric,magelis_xbt_gh_advanced_hand-held_panel,schneider-electric,magelis_xbt_gh_advanced_hand-held_panel,auto
h,schneider_electric,magelis_xbt_gk_advanced_touchscreen_panel_with_keyboard,schneider-electric,magelis_xbt_gk_advanced_touchscreen_panel_with_keyboard,auto
h,schneider_electric,magelis_xbt_gt_advanced_touchscreen_panel,schneider-electric,magelis_xbt_gt_advanced_touchscreen_panel,auto
h,schneider_electric,magelis_xbt_gtw_advanced_open_touchscreen_panel,schneider-electric,magelis_xbt_gtw_advanced_open_touchscreen_panel,auto
h,schneider_electric,mps110-1,schneider-electric,mps110-1,auto
h,schneider_electric,sage_1410,schneider-electric,sage_1410,auto
h,schneider_electric,sage_1430,schneider-electric,sage_1430,auto
h,schneider_electric,sage_1450,schneider-electric,sage_1450,auto
h,schneider_electric,sage_2300,schneider-electric,sage_2300,auto
h,schneider_electric,sage_2400,schneider-electric,sage_2400,auto
h,schneider_electric,sage_3030m,schneider-electric,sage_3030m,auto
h,schneider_electric,sage_landac_ii-2,schneider-electric,sage_landac_ii-2,auto
h,schneider_electric,struxureware_building_operations_automation_server_as,schneider-electric,struxureware_building_operations_automation_server_as,auto
h,schneider_electric,struxureware_building_operations_automation_server_as-p,schneider-electric,struxureware_building_operations_automation_server_as-p,auto
h,se,140_cpu6x,schneider-electric,140_cpu6x,auto
h,se,bmx_p34x,schneider-electric,bmx_p34x,auto
h,se,easergy_t300,schneider-electric,easergy_t300,auto
h,se,modicon_m100,schneider-electric,modicon_m100,auto
h,se,modicon_m200,schneider-electric,modicon_m200,auto
h,se,modicon_m218,schneider-electric,modicon_m218,auto
h,se,modicon_m221,schneider-electric,modicon_m221,auto
h,se,modicon_m241,schneider-electric,modicon_m241,auto
h,se,modicon_m251,schneider-electric,modicon_m251,auto
h,se,modicon_m258,schneider-electric,modicon_m258,auto
h,se,modicon_m340,schneider-electric,modicon_m340,auto
h,se,mtn6260-0310,schneider-electric,mtn6260-0310,auto
h,se,mtn6260-0315,schneider-electric,mtn6260-0315,auto
h,se,mtn6260-0410,schneider-electric,mtn6260-0410,auto
h,se,mtn6260-0415,schneider-electric,mtn6260-0415,auto
h,se,mtn6501-0001,schneider-electric,mtn6501-0001,auto
h,se,mtn6501-0002,schneider-electric,mtn6501-0002,auto
h,se,powerlogic_egx100,schneider-electric,powerlogic_egx100,auto
h,se,powerlogic_egx300,schneider-electric,powerlogic_egx300,auto
h,se,powerlogic_ion7300,schneider-electric,powerlogic_ion7300,auto
h,se,powerlogic_ion7400,schneider-electric,powerlogic_ion7400,auto
h,se,powerlogic_ion7410,schneider-electric,powerlogic_ion7410,auto
h,se,powerlogic_ion7550,schneider-electric,powerlogic_ion7550,auto
h,se,powerlogic_ion7650,schneider-electric,powerlogic_ion7650,auto
h,se,powerlogic_ion7700,schneider-electric,powerlogic_ion7700,auto
h,se,powerlogic_ion8300,schneider-electric,powerlogic_ion8300,auto
h,se,powerlogic_ion8400,schneider-electric,powerlogic_ion8400,auto
h,se,powerlogic_ion8500,schneider-electric,powerlogic_ion8500,auto
h,se,powerlogic_ion8600,schneider-electric,powerlogic_ion8600,auto
h,se,powerlogic_ion8650,schneider-electric,powerlogic_ion8650,auto
h,se,powerlogic_ion8800,schneider-electric,powerlogic_ion8800,auto
h,se,powerlogic_ion9000,schneider-electric,powerlogic_ion9000,auto
h,se,powerlogic_pm8000,schneider-electric,powerlogic_pm8000,auto
h,se,tricon_tcm_4351,schneider-electric,tricon_tcm_4351,auto
h,se,tricon_tcm_4351a,schneider-electric,tricon_tcm_4351a,auto
h,se,tricon_tcm_4351b,schneider-electric,tricon_tcm_4351b,auto
h,se,tricon_tcm_4352,schneider-electric,tricon_tcm_4352,auto
h,se,tricon_tcm_4352a,schneider-electric,tricon_tcm_4352a,auto
h,se,tricon_tcm_4352b,schneider-electric,tricon_tcm_4352b,auto
h,se,tsx_ety_x103,schneider-electric,tsx_ety_x103,auto
h,se,tsx_p57x,schneider-electric,tsx_p57x,auto
h,se-elektronicgmbh,e-ddc3.3,se-elektronic,e-ddc3.3,auto
h,sharp-nec-display,c651q,sharp-nec-displays,c651q,auto
h,sharp-nec-display,c751q,sharp-nec-displays,c751q,auto
h,sharp-nec-display,c861q,sharp-nec-displays,c861q,auto
h,sharp-nec-display,c981q,sharp-nec-displays,c981q,auto
h,sharp-nec-display,p654q,sharp-nec-displays,p654q,auto
h,sharp-nec-display,p754q,sharp-nec-displays,p754q,auto
h,sharp-nec-display,un462a,sharp-nec-displays,un462a,auto
h,sharp-nec-display,un462va,sharp-nec-displays,un462va,auto
h,sharp-nec-display,un492s,sharp-nec-displays,un492s,auto
h,sharp-nec-display,un492vs,sharp-nec-displays,un492vs,auto
h,sharp-nec-display,un552,sharp-nec-displays,un552,auto
h,sharp-nec-display,un552a,sharp-nec-displays,un552a,auto
h,sharp-nec-display,un552s,sharp-nec-displays,un552s,auto
h,sharp-nec-display,un552v,sharp-nec-displays,un552v,auto
h,sharp-nec-display,un552vs,sharp-nec-displays,un552vs,auto
h,sharp-nec-display,ux552s,sharp-nec-displays,ux552s,auto
h,sharp-nec-display,v554q,sharp-nec-displays,v554q,auto
h,sharp-nec-display,v654q,sharp-nec-displays,v654q,auto
h,sharp-nec-display,v754q,sharp-nec-displays,v754q,auto
h,sharp-nec-display,v864q,sharp-nec-displays,v864q,auto
h,sharp-nec-display,v964q,sharp-nec-displays,v964q,auto
h,sierawireless,airlink_rv55,sierrawireless,airlink_rv55,auto
h,silver-peak,nx-1000,arubanetworks,nx-1000,auto
h,silver-peak,nx-10700,arubanetworks,nx-10700,auto
h,silver-peak,nx-10k,arubanetworks,nx-10k,auto
h,silver-peak,nx-11700,arubanetworks,nx-11700,auto
h,silver-peak,nx-11k,arubanetworks,nx-11k,auto
h,silver-peak,nx-1700,arubanetworks,nx-1700,auto
h,silver-peak,nx-2000,arubanetworks,nx-2000,auto
h,silver-peak,nx-2700,arubanetworks,nx-2700,auto
h,silver-peak,nx-3000,arubanetworks,nx-3000,auto
h,silver-peak,nx-3700,arubanetworks,nx-3700,auto
h,silver-peak,nx-5000,arubanetworks,nx-5000,auto
h,silver-peak,nx-5700,arubanetworks,nx-5700,auto
h,silver-peak,nx-6000,arubanetworks,nx-6000,auto
h,silver-peak,nx-6700,arubanetworks,nx-6700,auto
h,silver-peak,nx-700,arubanetworks,nx-700,auto
h,silver-peak,nx-7000,arubanetworks,nx-7000,auto
h,silver-peak,nx-7700,arubanetworks,nx-7700,auto
h,silver-peak,nx-8000,arubanetworks,nx-8000,auto
h,silver-peak,nx-8700,arubanetworks,nx-8700,auto
h,silver-peak,nx-9000,arubanetworks,nx-9000,auto
h,silver-peak,nx-9700,arubanetworks,nx-9700,auto
h,silver-peak,vx-1000,arubanetworks,vx-1000,auto
h,silver-peak,vx-2000,arubanetworks,vx-2000,auto
h,silver-peak,vx-3000,arubanetworks,vx-3000,auto
h,silver-peak,vx-500,arubanetworks,vx-500,auto
h,silver-peak,vx-5000,arubanetworks,vx-5000,auto
h,silver-peak,vx-6000,arubanetworks,vx-6000,auto
h,silver-peak,vx-7000,arubanetworks,vx-7000,auto
h,silver-peak,vx-8000,arubanetworks,vx-8000,auto
h,silver-peak,vx-9000,arubanetworks,vx-9000,auto
h,sonicwall,nsa2650,sonicwall,nsa_2650,auto
h,sonicwall,nsa2700,sonicwall,nsa_2700,auto
h,sonicwall,nsa3650,sonicwall,nsa_3650,auto
h,sonicwall,nsa3700,sonicwall,nsa_3700,auto
h,sonicwall,nsa4650,sonicwall,nsa_4650,auto
h,sonicwall,nsa4700,sonicwall,nsa_4700,auto
h,sonicwall,nsa5650,sonicwall,nsa_5650,auto
h,sonicwall,nsa5700,sonicwall,nsa_5700,auto
h,sonicwall,nsa6650,sonicwall,nsa_6650,auto
h,sonicwall,nsa6700,sonicwall,nsa_6700,auto
h,sonicwall,nsa9250,sonicwall,nsa_9250,auto
h,sonicwall,nsa9450,sonicwall,nsa_9450,auto
h,sonicwall,nsa9650,sonicwall,nsa_9650,auto
h,swisscom,internet_box_2,swisscom,internet-box_2,auto
h,swisscom,internet_box_3,swisscom,internet-box_3,auto
h,swisscom,internet_box_light,swisscom,internet-box_light,auto
h,swisscom,internet_box_plus,swisscom,internet-box_plus,auto
h,swisscom,internet_box_standard,swisscom,internet-box_standard,auto
h,tecmo-mobile,tecno\/h612\/tecno-id5a\:8.1.0\/o11019\/f-180828v106\:user\/release-keys,tecno-mobile,tecno\/h612\/tecno-id5a\:8.1.0\/o11019\/f-180828v106\:user\/release-keys,auto
h,ubiquiti,unifi_video_controller,ui,unifi_video_controller,auto
h,ubnt,af5,ui,af5,auto
h,ubnt,af5x,ui,af5x,auto
h,ubnt,aircam,ui,aircam,auto
h,ubnt,aircam_dome,ui,aircam_dome,auto
h,ubnt,aircam_mini,ui,aircam_mini,auto
h,ubnt,airfiber_af24,ui,airfiber_af24,auto
h,ubnt,airfiber_af24hd,ui,airfiber_af24hd,auto
h,ubnt,airgateway,ui,airgateway,auto
h,ubnt,airmax_ac,ui,airmax_ac,auto
h,ubnt,airmax_m,ui,airmax_m,auto
h,ubnt,airmax_m_ti,ui,airmax_m_ti,auto
h,ubnt,airmax_m_xm,ui,airmax_m_xm,auto
h,ubnt,airmax_m_xw,ui,airmax_m_xw,auto
h,ubnt,edgeswitch_xp,ui,edgeswitch_xp,auto
h,unitronicsplc,vision1210,unitronics,vision1210,auto
h,wdc,my_net_n600,westerndigital,my_net_n600,auto
h,wdc,my_net_n750,westerndigital,my_net_n750,auto
h,wdc,my_net_n900,westerndigital,my_net_n900,auto
h,wdc,my_net_n900c,westerndigital,my_net_n900c,auto
h,xiaomi,mi_5s,mi,mi_5s,auto
h,xiaomi,mi_5s_plus,mi,mi_5s_plus,auto
h,xiaomi,mi_a2_lite,mi,mi_a2_lite,auto
h,xiaomi,mi_mix_2,mi,mi_mix_2,auto
h,xiaomi,redmi_6,mi,redmi_6,auto
h,zte,red_magic_8_pro,zte,redmagic_8_pro,auto
h,zyxel,scr50axe,zyxel,scr_50axe,auto
h,zyzel,nas326,zyxel,nas326,auto
h,zyzel,nas520,zyxel,nas520,auto
h,zyzel,nas540,zyxel,nas540,auto
h,zyzel,nas542,zyxel,nas542,auto
o,abb,fox515t_firmware,hitachienergy,fox515t_firmware,auto
o,abb,fox615_tego1_firmware,hitachienergy,fox615_tego1_firmware,auto
o,abb,gms600_firmware,hitachienergy,gms600_firmware,auto
o,abb,microscada_pro_sys600_firmware,hitachienergy,microscada_pro_sys600_firmware,auto
o,abb,modular_switchgear_monitoring_firmware,hitachienergy,modular_switchgear_monitoring_firmware,auto
o,abb,pwc600_firmware,hitachienergy,pwc600_firmware,auto
o,abb,reb500_firmware,hitachienergy,reb500_firmware,auto
o,abb,relion_630_firmware,hitachienergy,relion_630_firmware,auto
o,abb,relion_650_firmware,hitachienergy,relion_650_firmware,auto
o,abb,relion_670_firmware,hitachienergy,relion_670_firmware,auto
o,abb,relion_sam600-io_firmware,hitachienergy,relion_sam600-io_firmware,auto
o,abb,sys600_firmware,hitachienergy,sys600_firmware,auto
o,abb,txpert_hub_coretec_5_firmware,hitachienergy,txpert_hub_coretec_5_firmware,auto
o,apple,ipad_os,apple,ipados,auto
o,apple,mac_os,apple,macos,auto
o,apple,watch_os,apple,watchos,auto
o,arm,trusted_firmware-a,trustedfirmware,trusted_firmware-a,auto
o,arm,trusted_firmware-m,trustedfirmware,trusted_firmware-m,auto
o,aruba,cx_6200f_firmware,arubanetworks,cx_6200f_firmware,auto
o,aruba,cx_6300_firmware,arubanetworks,cx_6300_firmware,auto
o,aruba,cx_6400_firmware,arubanetworks,cx_6400_firmware,auto
o,aruba,cx_8320_firmware,arubanetworks,cx_8320_firmware,auto
o,aruba,cx_8325_firmware,arubanetworks,cx_8325_firmware,auto
o,aruba,cx_8400_firmware,arubanetworks,cx_8400_firmware,auto
o,brickom,100ap_device_firmware,brickcom,100ap_device_firmware,auto
o,comtechefdata,h8_heights_remote_gateway_firmware,comtech,h8_heights_remote_gateway_firmware,auto
o,comtechtel,h8_heights_remote_gateway_firmware,comtech,h8_heights_remote_gateway_firmware,auto
o,comtechtel,stampede_fx-1010_firmware,comtech,stampede_fx-1010_firmware,auto
o,creston,dm-nvx-dir-ent_firmware,crestron,dm-nvx-dir-ent_firmware,auto
o,creston,dm-nvx-dir160_firmware,crestron,dm-nvx-dir-160_firmware,auto
o,creston,dm-nvx-dir80_firmware,crestron,dm-nvx-dir-80_firmware,auto
o,creston,dm-txrx-100-str_firmware,crestron,dm-txrx-100-str_firmware,auto
o,creston,dmc-stro_firmware,crestron,dmc-stro_firmware,auto
o,cuby,lt400_firmware,cudy,lt400_firmware,auto
o,cybertrust,miracle_linux,cybertrust_japan,miracle_linux,auto
o,d-link,dap-1320_firmware,dlink,dap-1320_firmware,auto
o,d-link,dap-1350_firmware,dlink,dap-1350_firmware,auto
o,d-link,dap-1360_revision_f_firmware,dlink,dap-1360_revision_f_firmware,auto
o,d-link,dap-1360f1_firmware,dlink,dap-1360f1_firmware,auto
o,d-link,dap-2020_firmware,dlink,dap-2020_firmware,auto
o,d-link,dap-2230_firmware,dlink,dap-2230_firmware,auto
o,d-link,dap-2310_firmware,dlink,dap-2310_firmware,auto
o,d-link,dap-2330_firmware,dlink,dap-2330_firmware,auto
o,d-link,dap-2360_firmware,dlink,dap-2360_firmware,auto
o,d-link,dap-2553_firmware,dlink,dap-2553_firmware,auto
o,d-link,dap-2660_firmware,dlink,dap-2660_firmware,auto
o,d-link,dap-2690_firmware,dlink,dap-2690_firmware,auto
o,d-link,dap-2695_firmware,dlink,dap-2695_firmware,auto
o,d-link,dap-3320_firmware,dlink,dap-3320_firmware,auto
o,d-link,dap-3662_firmware,dlink,dap-3662_firmware,auto
o,d-link,dap_1150_firmware,dlink,dap_1150_firmware,auto
o,d-link,dch-m225_firmware,dlink,dch-m225_firmware,auto
o,d-link,dcs-1130_firmware,dlink,dcs-1130_firmware,auto
o,d-link,dcs-2132l_firmware,dlink,dcs-2132l_firmware,auto
o,d-link,dcs-2136l_firmware,dlink,dcs-2136l_firmware,auto
o,d-link,dcs-2210l_firmware,dlink,dcs-2210l_firmware,auto
o,d-link,dcs-2230l_firmware,dlink,dcs-2230l_firmware,auto
o,d-link,dcs-2310l_firmware,dlink,dcs-2310l_firmware,auto
o,d-link,dcs-2330l_firmware,dlink,dcs-2330l_firmware,auto
o,d-link,dcs-2332l_firmware,dlink,dcs-2332l_firmware,auto
o,d-link,dcs-2530l_firmware,dlink,dcs-2530l_firmware,auto
o,d-link,dcs-5000l_firmware,dlink,dcs-5000l_firmware,auto
o,d-link,dcs-5009_firmware,dlink,dcs-5009_firmware,auto
o,d-link,dcs-5009l_firmware,dlink,dcs-5009l_firmware,auto
o,d-link,dcs-5010_firmware,dlink,dcs-5010_firmware,auto
o,d-link,dcs-5010l_firmware,dlink,dcs-5010l_firmware,auto
o,d-link,dcs-5020l_firmware,dlink,dcs-5020l_firmware,auto
o,d-link,dcs-5025l_firmware,dlink,dcs-5025l_firmware,auto
o,d-link,dcs-5029l_firmware,dlink,dcs-5029l_firmware,auto
o,d-link,dcs-5030l_firmware,dlink,dcs-5030l_firmware,auto
o,d-link,dcs-5222l__firmware,dlink,dcs-5222l_firmware,auto
o,d-link,dcs-6010l_firmware,dlink,dcs-6010l_firmware,auto
o,d-link,dcs-6212l_firmware,dlink,dcs-6212l_firmware,auto
o,d-link,dcs-7000l_firmware,dlink,dcs-7000l_firmware,auto
o,d-link,dcs-7010l_firmware,dlink,dcs-7010l_firmware,auto
o,d-link,dcs-930l_firmware,dlink,dcs-930l_firmware,auto
o,d-link,dcs-931l_firmware,dlink,dcs-931l_firmware,auto
o,d-link,dcs-932l_firmware,dlink,dcs-932l_firmware,auto
o,d-link,dcs-933l_firmware,dlink,dcs-933l_firmware,auto
o,d-link,dcs-934l_firmware,dlink,dcs-934l_firmware,auto
o,d-link,dcs-942l_firmware,dlink,dcs-942l_firmware,auto
o,d-link,dgs-1100_firmware,dlink,dgs-1100_firmware,auto
o,d-link,dgs-1500_firmware,dlink,dgs-1500_firmware,auto
o,d-link,di-624_firmware,dlink,di-624_firmware,auto
o,d-link,dir-100_firmware,dlink,dir-100_firmware,auto
o,d-link,dir-140l_firmware,dlink,dir-140l_firmware,auto
o,d-link,dir-1935_firmware,dlink,dir-1935_firmware,auto
o,d-link,dir-2640-us_firmware,dlink,dir-2640-us_firmware,auto
o,d-link,dir-3040_firmware,dlink,dir-3040_firmware,auto
o,d-link,dir-600l_firmware,dlink,dir-600l_firmware,auto
o,d-link,dir-601_firmware,dlink,dir-601_firmware,auto
o,d-link,dir-605l_firmware,dlink,dir-605l_firmware,auto
o,d-link,dir-615jx10_firmware,dlink,dir-615jx10_firmware,auto
o,d-link,dir-619l_firmware,dlink,dir-619l_firmware,auto
o,d-link,dir-640l_firmware,dlink,dir-640l_firmware,auto
o,d-link,dir-645_firmware,dlink,dir-645_firmware,auto
o,d-link,dir-809_firmware,dlink,dir-809_firmware,auto
o,d-link,dir-815_firmware,dlink,dir-815_firmware,auto
o,d-link,dir-816l_firmware,dlink,dir-816l_firmware,auto
o,d-link,dir-819_firmware,dlink,dir-819_firmware,auto
o,d-link,dir-822_firmware,dlink,dir-822_firmware,auto
o,d-link,dir-826l_wireless_n600_cloud_router_firmware,dlink,dir-826l_wireless_n600_cloud_router_firmware,auto
o,d-link,dir-868l_firmware,dlink,dir-868l_firmware,auto
o,d-link,dir-878,dlink,dir-878,auto
o,d-link,dir-890l_firmware,dlink,dir-890l_firmware,auto
o,d-link,dir-905l_firmware,dlink,dir-905l_firmware,auto
o,d-link,dir505_shareport_mobile_companion_firmware,dlink,dir505_shareport_mobile_companion_firmware,auto
o,d-link,dsl-2680_firmware,dlink,dsl-2680_firmware,auto
o,d-link,dsl-2730b,dlink,dsl-2730b,auto
o,d-link,dsl-2730b_firmware,dlink,dsl-2730b_firmware,auto
o,d-link,dsl-2740e_firmware,dlink,dsl-2740e_firmware,auto
o,d-link,dsl-3782_firmware,dlink,dsl-3782_firmware,auto
o,d-link,dsp-w215_firmware,dlink,dsp-w215_firmware,auto
o,d-link,dsr-1000_firmware,dlink,dsr-1000_firmware,auto
o,d-link,dsr-1000n_firmware,dlink,dsr-1000n_firmware,auto
o,d-link,dsr-150_firmware,dlink,dsr-150_firmware,auto
o,d-link,dsr-150n_firmware,dlink,dsr-150n_firmware,auto
o,d-link,dsr-250_firmware,dlink,dsr-250_firmware,auto
o,d-link,dsr-250n_firmware,dlink,dsr-250n_firmware,auto
o,d-link,dsr-500_firmware,dlink,dsr-500_firmware,auto
o,d-link,dsr-500n_firmware,dlink,dsr-500n_firmware,auto
o,d-link,dwl-2600ap_firmware,dlink,dwl-2600ap_firmware,auto
o,d-link,dwr-111_firmware,dlink,dwr-111_firmware,auto
o,d-link,dwr-116_firmware,dlink,dwr-116_firmware,auto
o,d-link,dwr-512_firmware,dlink,dwr-512_firmware,auto
o,d-link,dwr-712_firmware,dlink,dwr-712_firmware,auto
o,d-link,dwr-912_firmware,dlink,dwr-912_firmware,auto
o,d-link,dwr-921_firmware,dlink,dwr-921_firmware,auto
o,ericsson,rx8200_firmware,mediakind,rx8200_firmware,auto
o,fiberhomegroup,adsl_an1020-25_firmware,fiberhome,adsl_an1020-25_firmware,auto
o,fiberhomegroup,fengine_s5800_firmware,fiberhome,fengine_s5800_firmware,auto
o,fiberhomegroup,fiberhome_router_firmware,fiberhome,fiberhome_router_firmware,auto
o,fnl,scientific_linux,fnal,scientific_linux,auto
o,gegridsolutions,d60_line_distance_relay_firmware,ge,d60_line_distance_relay_firmware,auto
o,hitachi,gms600_firmware,hitachienergy,gms600_firmware,auto
o,hitachi,pwc600_firmware,hitachienergy,pwc600_firmware,auto
o,hitachi,relion_650_firmware,hitachienergy,relion_650_firmware,auto
o,hitachi,relion_670_firmware,hitachienergy,relion_670_firmware,auto
o,hitachi,relion_sam600-io_firmware,hitachienergy,relion_sam600-io_firmware,auto
o,hp,720s-14ikbr_firmware,lenovo,720s-14ikbr_firmware,auto
o,hp,e42-80_firmware,lenovo,e42-80_firmware,auto
o,hp,e52-80_firmware,lenovo,e52-80_firmware,auto
o,hp,v310-14ikb_firmware,lenovo,v310-14ikb_firmware,auto
o,hp,v310-14isk_firmware,lenovo,v310-14isk_firmware,auto
o,hp,v310-15ikb_firmware,lenovo,v310-15ikb_firmware,auto
o,hp,v310-15isk_firmware,lenovo,v310-15isk_firmware,auto
o,hp,v510-14ikb_firmware,lenovo,v510-14ikb_firmware,auto
o,hp,v510-15ikb_firmware,lenovo,v510-15ikb_firmware,auto
o,hp,xx_chao5000-ikbra_firmware,lenovo,xx_chao5000-ikbra_firmware,auto
o,hp,yoga_520-14ikb_firmware,lenovo,yoga_520-14ikb_firmware,auto
o,hp,zhaoyang_k42-80_firmware,lenovo,zhaoyang_k42-80_firmware,auto
o,huawei,openeuler,openatom,openeuler,auto
o,hyundai,hyundai_firmware,hyundaiusa,hyundai_firmware,auto
o,ibm,zos,ibm,z\/os,auto
o,icewale,casaos,icewhale,casaos,auto
o,intel,core_i7-8706g__firmware,intel,core_i7-8706g_firmware,auto
o,intel,xeon_gold_5218t__firmware,intel,xeon_gold_5218t_firmware,auto
o,intel,xeon_gold_5220t__firmware,intel,xeon_gold_5220t_firmware,auto
o,intel,xeon_gold_6240l__firmware,intel,xeon_gold_6240l_firmware,auto
o,intel,xeon_gold_6240y__firmware,intel,xeon_gold_6240y_firmware,auto
o,kernel,linux_kernel,linux,linux_kernel,auto
o,legaoo,power_5_firmware,leagoo,power_5_firmware,auto
o,linaro,op-tee,trustedfirmware,op-tee,auto
o,logitec,lan-w300n\/pgrb_firmware,logitech,lan-w300n\/pgrb_firmware,auto
o,logitec,lan-w300n\/pr5b_firmware,logitech,lan-w300n\/pr5b_firmware,auto
o,logitec,lan-wh450n\/gr_firmware,logitech,lan-wh450n\/gr_firmware,auto
o,martem,telem_gw6_firmware,martem,telem-gw6_firmware,auto
o,martem,telem_gwm_firmware,martem,telem-gwm_firmware,auto
o,microsoft,flatcar_linux,flatcar-linux,flatcar_linux,auto
o,morpho,mso_1300_firmware,idemia,mso_1300_firmware,auto
o,moxa,edr_g903_firmware,moxa,edr-g903_firmware,auto
o,netapp,brocade_fabric_operating_system_firmware,broadcom,brocade_fabric_operating_system_firmware,auto
o,novell,leap,opensuse,leap,auto
o,opensuse,linux_enterprise_high_availability_extension,suse,linux_enterprise_high_availability_extension,auto
o,opensuse_project,leap,opensuse,leap,auto
o,pheonixcontact-software,proconos_eclr,phoenixcontact-software,proconos_eclr,auto
o,qualcomm,ipq8064__firmware,qualcomm,ipq8064_firmware,auto
o,qualcomm,video_collaboration_vc1_firmware,qualcomm,video_collaboration_vc1__firmware,auto
o,qualcomm,video_collaboration_vc3_firmware,qualcomm,video_collaboration_vc3__firmware,auto
o,qualcomm,video_collaboration_vc5_firmware,qualcomm,video_collaboration_vc5__firmware,auto
o,redhat,fedora_core,fedoraproject,fedora_core,auto
o,schneider_electric,struxureware_building_operations_automation_server_as-p_firmware,schneider-electric,struxureware_building_operations_automation_server_as-p_firmware,auto
o,schneider_electric,struxureware_building_operations_automation_server_as_firmware,schneider-electric,struxureware_building_operations_automation_server_as_firmware,auto
o,schneider_electric,telvent_rtu_firmware,schneider-electric,telvent_rtu_firmware,auto
o,scientificlinux,scientificlinux,fnal,scientific_linux,auto
o,se,modicon_m100_firmware,schneider-electric,modicon_m100_firmware,auto
o,se,modicon_m200_firmware,schneider-electric,modicon_m200_firmware,auto
o,se,modicon_m218_firmware,schneider-electric,modicon_m218_firmware,auto
o,se,modicon_m221_firmware,schneider-electric,modicon_m221_firmware,auto
o,se,modicon_m241_firmware,schneider-electric,modicon_m241_firmware,auto
o,se,modicon_m251_firmware,schneider-electric,modicon_m251_firmware,auto
o,se,modicon_m258_firmware,schneider-electric,modicon_m258_firmware,auto
o,se,mtn6260-0310_firmware,schneider-electric,mtn6260-0310_firmware,auto
o,se,mtn6260-0315_firmware,schneider-electric,mtn6260-0315_firmware,auto
o,se,mtn6260-0410_firmware,schneider-electric,mtn6260-0410_firmware,auto
o,se,mtn6260-0415_firmware,schneider-electric,mtn6260-0415_firmware,auto
o,se,mtn6501-0001_firmware,schneider-electric,mtn6501-0001_firmware,auto
o,se,mtn6501-0002_firmware,schneider-electric,mtn6501-0002_firmware,auto
o,se,powerlogic_egx100_firmware,schneider-electric,powerlogic_egx100_firmware,auto
o,se,powerlogic_egx300_firmware,schneider-electric,powerlogic_egx300_firmware,auto
o,se,powerlogic_ion7300_firmware,schneider-electric,powerlogic_ion7300_firmware,auto
o,se,powerlogic_ion7700_firmware,schneider-electric,powerlogic_ion7700_firmware,auto
o,se,somachine_hvac_firmware,schneider-electric,somachine_hvac_firmware,auto
o,se,tricon_tcm_4351_firmware,schneider-electric,tricon_tcm_4351_firmware,auto
o,se,tricon_tcm_4351a_firmware,schneider-electric,tricon_tcm_4351a_firmware,auto
o,se,tricon_tcm_4351b_firmware,schneider-electric,tricon_tcm_4351b_firmware,auto
o,se,tricon_tcm_4352_firmware,schneider-electric,tricon_tcm_4352_firmware,auto
o,se,tricon_tcm_4352a_firmware,schneider-electric,tricon_tcm_4352a_firmware,auto
o,se,tricon_tcm_4352b_firmware,schneider-electric,tricon_tcm_4352b_firmware,auto
o,sharp-nec-display,c651q_firmware,sharp-nec-displays,c651q_firmware,auto
o,sharp-nec-display,c751q_firmware,sharp-nec-displays,c751q_firmware,auto
o,sharp-nec-display,c861q_firmware,sharp-nec-displays,c861q_firmware,auto
o,sharp-nec-display,c981q_firmware,sharp-nec-displays,c981q_firmware,auto
o,sharp-nec-display,p654q_firmware,sharp-nec-displays,p654q_firmware,auto
o,sharp-nec-display,p754q_firmware,sharp-nec-displays,p754q_firmware,auto
o,sharp-nec-display,un462a_firmware,sharp-nec-displays,un462a_firmware,auto
o,sharp-nec-display,un462va_firmware,sharp-nec-displays,un462va_firmware,auto
o,sharp-nec-display,un492s_firmware,sharp-nec-displays,un492s_firmware,auto
o,sharp-nec-display,un492vs_firmware,sharp-nec-displays,un492vs_firmware,auto
o,sharp-nec-display,un552_firmware,sharp-nec-displays,un552_firmware,auto
o,sharp-nec-display,un552a_firmware,sharp-nec-displays,un552a_firmware,auto
o,sharp-nec-display,un552s_firmware,sharp-nec-displays,un552s_firmware,auto
o,sharp-nec-display,un552v_firmware,sharp-nec-displays,un552v_firmware,auto
o,sharp-nec-display,un552vs_firmware,sharp-nec-displays,un552vs_firmware,auto
o,sharp-nec-display,ux552s_firmware,sharp-nec-displays,ux552s_firmware,auto
o,sharp-nec-display,v554q_firmware,sharp-nec-displays,v554q_firmware,auto
o,sharp-nec-display,v654q_firmware,sharp-nec-displays,v654q_firmware,auto
o,sharp-nec-display,v754q_firmware,sharp-nec-displays,v754q_firmware,auto
o,sharp-nec-display,v864q_firmware,sharp-nec-displays,v864q_firmware,auto
o,sharp-nec-display,v964q_firmware,sharp-nec-displays,v964q_firmware,auto
o,st._jude_medical,merlin\@home_firmware,abbott,merlin\@home_firmware,auto
o,swisscom,internet_box_2_firmware,swisscom,internet-box_2_firmware,auto
o,swisscom,internet_box_3_firmware,swisscom,internet-box_3_firmware,auto
o,swisscom,internet_box_light_firmware,swisscom,internet-box_light_firmware,auto
o,swisscom,internet_box_plus_firmware,swisscom,internet-box_plus_firmware,auto
o,swisscom,internet_box_standard_firmware,swisscom,internet-box_standard_firmware,auto
o,tecmo-mobile,tecno\/h612\/tecno-id5a\:8.1.0\/o11019\/f-180828v106\:user\/release-keys_firmware,tecno-mobile,tecno\/h612\/tecno-id5a\:8.1.0\/o11019\/f-180828v106\:user\/release-keys_firmware,auto
o,tizen,tizen,linux,tizen,auto
o,ubiquiti,unifi_video_controller,ui,unifi_video_controller,auto
o,ubnt,af5_firmware,ui,af5_firmware,auto
o,ubnt,af5x_firmware,ui,af5x_firmware,auto
o,ubnt,airfiber_af24_firmware,ui,airfiber_af24_firmware,auto
o,ubnt,airfiber_af24hd_firmware,ui,airfiber_af24hd_firmware,auto
o,ubnt,airgateway_firmware,ui,airgateway_firmware,auto
o,ubnt,airmax_ac_firmware,ui,airmax_ac_firmware,auto
o,ubnt,airmax_m_ti_firmware,ui,airmax_m_ti_firmware,auto
o,ubnt,airmax_m_xm_firmware,ui,airmax_m_xm_firmware,auto
o,ubnt,airmax_m_xw_firmware,ui,airmax_m_xw_firmware,auto
o,ubnt,airvision_firmware,ui,airvision_firmware,auto
o,unitronicsplc,vision1210_firmware,unitronics,vision1210_firmware,auto
o,wdc,arkeia_virtual_appliance_firmware,westerndigital,arkeia_virtual_appliance_firmware,auto
o,wdc,my_net_firmware,westerndigital,my_net_firmware,auto
o,xiaomi,mi_5s_firmware,mi,mi_5s_firmware,auto
o,xiaomi,mi_5s_plus_firmware,mi,mi_5s_plus_firmware,auto
o,xiaomi,mi_a2_lite_firmware,mi,mi_a2_lite_firmware,auto
o,xiaomi,mi_mix_2_firmware,mi,mi_mix_2_firmware,auto
o,xiaomi,redmi_6_firmware,mi,redmi_6_firmware,auto
o,yahama,rt100i,yamaha,rt100i,auto
o,yahama,rt102i,yamaha,rt102i,auto
o,yahama,rt103i,yamaha,rt103i,auto
o,yahama,rt105e,yamaha,rt105e,auto
o,yahama,rt105i,yamaha,rt105i,auto
o,yahama,rt105p,yamaha,rt105p,auto
o,yahama,rt107e,yamaha,rt107e,auto
o,yahama,rt140e,yamaha,rt140e,auto
o,yahama,rt140f,yamaha,rt140f,auto
o,yahama,rt140i,yamaha,rt140i,auto
o,yahama,rt140p,yamaha,rt140p,auto
o,yahama,rt200i,yamaha,rt200i,auto
o,yahama,rt250i,yamaha,rt250i,auto
o,yahama,rt300i,yamaha,rt300i,auto
o,yahama,rt56v,yamaha,rt56v,auto
o,yahama,rt57i,yamaha,rt57i,auto
o,yahama,rt58i,yamaha,rt58i,auto
o,yahama,rt60w,yamaha,rt60w,auto
o,yahama,rt80i,yamaha,rt80i,auto
o,yahama,rta50i,yamaha,rta50i,auto
o,yahama,rta52i,yamaha,rta52i,auto
o,yahama,rta54i,yamaha,rta54i,auto
o,yahama,rta55i,yamaha,rta55i,auto
o,yahama,rtv700,yamaha,rtv700,auto
o,yahama,rtw65b,yamaha,rtw65b,auto
o,yahama,rtw65i,yamaha,rtw65i,auto
o,yahama,rtx1000,yamaha,rtx1000,auto
o,yahama,rtx1100,yamaha,rtx1100,auto
o,yahama,rtx1200,yamaha,rtx1200,auto
o,yahama,rtx1500,yamaha,rtx1500,auto
o,yahama,rtx2000,yamaha,rtx2000,auto
o,yahama,rtx3000,yamaha,rtx3000,auto
o,yahama,srt100,yamaha,srt100,auto
o,zyzel,nas326_firmware,zyxel,nas326_firmware,auto
o,zyzel,nas520_firmware,zyxel,nas520_firmware,auto
o,zyzel,nas540_firmware,zyxel,nas540_firmware,auto
o,zyzel,nas542_firmware,zyxel,nas542_firmware,auto
